factura_id,cliente_id,cliente_nombre,sector,tipo_proyecto,fecha_factura,concepto,categoria,base_imponible,iva_21,total,pagado
FAC-0001,,,,,2023-01-04,Nominas,gasto_fijo,172740.0,0.0,172740.0,True
FAC-0002,,,,,2023-01-11,Seguros,gasto_fijo,1530.0,321.3,1851.3,True
FAC-0003,,,,,2023-01-12,Software y SaaS,gasto_fijo,4870.0,1022.7,5892.7,True
FAC-0004,,,,,2023-01-14,Alquiler oficina,gasto_fijo,6490.0,1362.9,7852.9,True
FAC-0005,,,,,2023-01-15,Material de oficina,gasto_fijo,660.0,138.6,798.6,True
FAC-0006,,,,,2023-01-22,Servicios profesionales,gasto_fijo,3030.0,636.3,3666.3,True
FAC-0007,CLI-015,InduSteel Components SA,Bienes Industriales,Consultoria Internacional Recurrente,2023-01-25,Retainer January 2023 - InduSteel Components SA,ingreso,13750.0,2887.5,16637.5,True
FAC-0008,CLI-004,Nexus Software Group,Tecnologia,Consultoria Internacional Recurrente,2023-01-25,Retainer January 2023 - Nexus Software Group,ingreso,10450.0,2194.5,12644.5,True
FAC-0009,CLI-002,DataSmart Systems SA,Tecnologia,Consultoria Internacional Recurrente,2023-01-25,Retainer January 2023 - DataSmart Systems SA,ingreso,11220.0,2356.2,13576.2,True
FAC-0010,CLI-005,CyberSecure Consulting,Tecnologia,Consultoria Internacional Recurrente,2023-01-26,Retainer January 2023 - CyberSecure Consulting,ingreso,12100.0,2541.0,14641.0,True
FAC-0011,,,,,2023-01-27,Suministros,gasto_fijo,1100.0,231.0,1331.0,True
FAC-0012,CLI-006,AppDigital Labs,Tecnologia,Consultoria Internacional Recurrente,2023-01-27,Retainer January 2023 - AppDigital Labs,ingreso,6600.0,1386.0,7986.0,True
FAC-0013,,,,,2023-02-04,Nominas,gasto_fijo,191260.0,0.0,191260.0,True
FAC-0014,,,,,2023-02-14,Servicios profesionales,gasto_fijo,4260.0,894.6,5154.6,True
FAC-0015,,,,,2023-02-15,Seguros,gasto_fijo,1310.0,275.1,1585.1,True
FAC-0016,,,,,2023-02-19,Software y SaaS,gasto_fijo,4260.0,894.6,5154.6,True
FAC-0017,,,,,2023-02-19,Material de oficina,gasto_fijo,460.0,96.6,556.6,True
FAC-0018,,,,,2023-02-20,Suministros,gasto_fijo,940.0,197.4,1137.4,True
FAC-0019,,,,,2023-02-22,Asesoria legal local,gasto_variable,3060.0,642.6,3702.6,True
FAC-0020,CLI-005,CyberSecure Consulting,Tecnologia,Consultoria Internacional Recurrente,2023-02-25,Retainer February 2023 - CyberSecure Consulting,ingreso,10450.0,2194.5,12644.5,True
FAC-0021,CLI-010,Olivares del Mediterraneo,Agroalimentario,Consultoria Internacional Recurrente,2023-02-25,Retainer February 2023 - Olivares del Mediterraneo,ingreso,6180.0,1297.8,7477.8,True
FAC-0022,,,,,2023-02-25,Alquiler oficina,gasto_fijo,6210.0,1304.1,7514.1,True
FAC-0023,CLI-002,DataSmart Systems SA,Tecnologia,Consultoria Internacional Recurrente,2023-02-25,Retainer February 2023 - DataSmart Systems SA,ingreso,9690.0,2034.9,11724.9,True
FAC-0024,CLI-015,InduSteel Components SA,Bienes Industriales,Consultoria Internacional Recurrente,2023-02-26,Retainer February 2023 - InduSteel Components SA,ingreso,11880.0,2494.8,14374.8,True
FAC-0025,CLI-006,AppDigital Labs,Tecnologia,Consultoria Internacional Recurrente,2023-02-26,Retainer February 2023 - AppDigital Labs,ingreso,5700.0,1197.0,6897.0,True
FAC-0026,CLI-004,Nexus Software Group,Tecnologia,Consultoria Internacional Recurrente,2023-02-27,Retainer February 2023 - Nexus Software Group,ingreso,9020.0,1894.2,10914.2,True
FAC-0027,,,,,2023-03-04,Nominas,gasto_fijo,183900.0,0.0,183900.0,True
FAC-0028,CLI-071,Inteligencia Artificial Corp,Tecnologia,Mision Comercial,2023-03-05,Mision Comercial - Inteligencia Artificial Corp - Factura 1/1,ingreso,25200.0,5292.0,30492.0,True
FAC-0029,CLI-052,Calzados Deportivos SL,Bienes de Consumo,Plan de Promocion Internacional,2023-03-08,Plan de Promocion Internacional - Calzados Deportivos SL - Factura 1/5,ingreso,10960.0,2301.6,13261.6,True
FAC-0030,,,,,2023-03-11,Alquiler stands ferias,gasto_variable,12270.0,2576.7,14846.7,True
FAC-0031,CLI-041,NexaTech Devices SL,Tecnologia,Plan de Promocion Internacional,2023-03-13,Plan de Promocion Internacional - NexaTech Devices SL - Factura 1/3,ingreso,4980.0,1045.8,6025.8,True
FAC-0032,,,,,2023-03-16,Suministros,gasto_fijo,920.0,193.2,1113.2,True
FAC-0033,,,,,2023-03-17,Servicios profesionales,gasto_fijo,3020.0,634.2,3654.2,True
FAC-0034,,,,,2023-03-19,Alquiler stands ferias,gasto_variable,6050.0,1270.5,7320.5,True
FAC-0035,,,,,2023-03-22,Alquiler oficina,gasto_fijo,6010.0,1262.1,7272.1,True
FAC-0036,,,,,2023-03-22,Software y SaaS,gasto_fijo,5540.0,1163.4,6703.4,True
FAC-0037,,,,,2023-03-22,Material de oficina,gasto_fijo,790.0,165.9,955.9,True
FAC-0038,CLI-004,Nexus Software Group,Tecnologia,Consultoria Internacional Recurrente,2023-03-25,Retainer March 2023 - Nexus Software Group,ingreso,10450.0,2194.5,12644.5,True
FAC-0039,CLI-010,Olivares del Mediterraneo,Agroalimentario,Consultoria Internacional Recurrente,2023-03-25,Retainer March 2023 - Olivares del Mediterraneo,ingreso,7150.0,1501.5,8651.5,True
FAC-0040,CLI-002,DataSmart Systems SA,Tecnologia,Consultoria Internacional Recurrente,2023-03-25,Retainer March 2023 - DataSmart Systems SA,ingreso,11220.0,2356.2,13576.2,True
FAC-0041,CLI-015,InduSteel Components SA,Bienes Industriales,Consultoria Internacional Recurrente,2023-03-26,Retainer March 2023 - InduSteel Components SA,ingreso,13750.0,2887.5,16637.5,True
FAC-0042,CLI-014,Embotellados del Norte SL,Agroalimentario,Consultoria Internacional Recurrente,2023-03-26,Retainer March 2023 - Embotellados del Norte SL,ingreso,8250.0,1732.5,9982.5,True
FAC-0043,,,,,2023-03-26,Seguros,gasto_fijo,1540.0,323.4,1863.4,True
FAC-0044,CLI-006,AppDigital Labs,Tecnologia,Consultoria Internacional Recurrente,2023-03-27,Retainer March 2023 - AppDigital Labs,ingreso,6600.0,1386.0,7986.0,True
FAC-0045,CLI-005,CyberSecure Consulting,Tecnologia,Consultoria Internacional Recurrente,2023-03-27,Retainer March 2023 - CyberSecure Consulting,ingreso,12100.0,2541.0,14641.0,True
FAC-0046,CLI-052,Calzados Deportivos SL,Bienes de Consumo,Plan de Promocion Internacional,2023-04-01,Plan de Promocion Internacional - Calzados Deportivos SL - Factura 2/5,ingreso,8360.0,1755.6,10115.6,True
FAC-0047,,,,,2023-04-02,Nominas,gasto_fijo,188840.0,0.0,188840.0,True
FAC-0048,,,,,2023-04-08,Marketing y publicidad,gasto_variable,11700.0,2457.0,14157.0,True
FAC-0049,,,,,2023-04-10,Servicios profesionales,gasto_fijo,2620.0,550.2,3170.2,True
FAC-0050,,,,,2023-04-13,Suministros,gasto_fijo,840.0,176.4,1016.4,True
FAC-0051,,,,,2023-04-13,Alquiler oficina,gasto_fijo,5670.0,1190.7,6860.7,True
FAC-0052,,,,,2023-04-15,Pago Fraccionado IS,gasto_trimestral,8660.0,0.0,8660.0,True
FAC-0053,,,,,2023-04-21,IVA Trimestral,gasto_trimestral,39860.0,0.0,39860.0,True
FAC-0054,CLI-041,NexaTech Devices SL,Tecnologia,Plan de Promocion Internacional,2023-04-24,Plan de Promocion Internacional - NexaTech Devices SL - Factura 2/3,ingreso,3020.0,634.2,3654.2,True
FAC-0055,CLI-010,Olivares del Mediterraneo,Agroalimentario,Consultoria Internacional Recurrente,2023-04-25,Retainer April 2023 - Olivares del Mediterraneo,ingreso,7150.0,1501.5,8651.5,True
FAC-0056,CLI-014,Embotellados del Norte SL,Agroalimentario,Consultoria Internacional Recurrente,2023-04-25,Retainer April 2023 - Embotellados del Norte SL,ingreso,8250.0,1732.5,9982.5,True
FAC-0057,CLI-015,InduSteel Components SA,Bienes Industriales,Consultoria Internacional Recurrente,2023-04-25,Retainer April 2023 - InduSteel Components SA,ingreso,13750.0,2887.5,16637.5,True
FAC-0058,CLI-001,InnovaTech Solutions SL,Tecnologia,Consultoria Internacional Recurrente,2023-04-25,Retainer April 2023 - InnovaTech Solutions SL,ingreso,9350.0,1963.5,11313.5,True
FAC-0059,,,,,2023-04-26,Seguros,gasto_fijo,1550.0,325.5,1875.5,True
FAC-0060,,,,,2023-04-26,Software y SaaS,gasto_fijo,5930.0,1245.3,7175.3,True
FAC-0061,CLI-009,Alimentos del Sur SL,Agroalimentario,Consultoria Internacional Recurrente,2023-04-26,Retainer April 2023 - Alimentos del Sur SL,ingreso,9900.0,2079.0,11979.0,True
FAC-0062,CLI-004,Nexus Software Group,Tecnologia,Consultoria Internacional Recurrente,2023-04-26,Retainer April 2023 - Nexus Software Group,ingreso,10450.0,2194.5,12644.5,True
FAC-0063,,,,,2023-04-27,Material de oficina,gasto_fijo,840.0,176.4,1016.4,True
FAC-0064,CLI-006,AppDigital Labs,Tecnologia,Consultoria Internacional Recurrente,2023-04-27,Retainer April 2023 - AppDigital Labs,ingreso,6600.0,1386.0,7986.0,True
FAC-0065,CLI-002,DataSmart Systems SA,Tecnologia,Consultoria Internacional Recurrente,2023-04-27,Retainer April 2023 - DataSmart Systems SA,ingreso,11220.0,2356.2,13576.2,True
FAC-0066,CLI-005,CyberSecure Consulting,Tecnologia,Consultoria Internacional Recurrente,2023-04-27,Retainer April 2023 - CyberSecure Consulting,ingreso,12100.0,2541.0,14641.0,True
FAC-0067,CLI-013,Aceites y Olivares SL,Agroalimentario,Consultoria Internacional Recurrente,2023-04-27,Retainer April 2023 - Aceites y Olivares SL,ingreso,11000.0,2310.0,13310.0,True
FAC-0068,,,,,2023-05-02,Nominas,gasto_fijo,179300.0,0.0,179300.0,True
FAC-0069,,,,,2023-05-11,Suministros,gasto_fijo,960.0,201.6,1161.6,True
FAC-0070,,,,,2023-05-13,Software y SaaS,gasto_fijo,5070.0,1064.7,6134.7,True
FAC-0071,,,,,2023-05-15,Asesoria legal local,gasto_variable,1210.0,254.1,1464.1,True
FAC-0072,,,,,2023-05-20,Alquiler oficina,gasto_fijo,6180.0,1297.8,7477.8,True
FAC-0073,CLI-041,NexaTech Devices SL,Tecnologia,Plan de Promocion Internacional,2023-05-20,Plan de Promocion Internacional - NexaTech Devices SL - Factura 3/3,ingreso,11100.0,2331.0,13431.0,True
FAC-0074,,,,,2023-05-20,Material de oficina,gasto_fijo,510.0,107.1,617.1,True
FAC-0075,,,,,2023-05-22,Seguros,gasto_fijo,1710.0,359.1,2069.1,True
FAC-0076,,,,,2023-05-24,Servicios profesionales,gasto_fijo,4090.0,858.9,4948.9,True
FAC-0077,CLI-005,CyberSecure Consulting,Tecnologia,Consultoria Internacional Recurrente,2023-05-25,Retainer May 2023 - CyberSecure Consulting,ingreso,11550.0,2425.5,13975.5,True
FAC-0078,CLI-052,Calzados Deportivos SL,Bienes de Consumo,Plan de Promocion Internacional,2023-05-25,Plan de Promocion Internacional - Calzados Deportivos SL - Factura 3/5,ingreso,4530.0,951.3,5481.3,True
FAC-0079,CLI-001,InnovaTech Solutions SL,Tecnologia,Consultoria Internacional Recurrente,2023-05-25,Retainer May 2023 - InnovaTech Solutions SL,ingreso,8920.0,1873.2,10793.2,True
FAC-0080,CLI-010,Olivares del Mediterraneo,Agroalimentario,Consultoria Internacional Recurrente,2023-05-25,Retainer May 2023 - Olivares del Mediterraneo,ingreso,6820.0,1432.2,8252.2,True
FAC-0081,CLI-011,Frutas y Hortalizas del Norte,Agroalimentario,Consultoria Internacional Recurrente,2023-05-25,Retainer May 2023 - Frutas y Hortalizas del Norte,ingreso,8920.0,1873.2,10793.2,True
FAC-0082,CLI-014,Embotellados del Norte SL,Agroalimentario,Consultoria Internacional Recurrente,2023-05-26,Retainer May 2023 - Embotellados del Norte SL,ingreso,7880.0,1654.8,9534.8,True
FAC-0083,CLI-007,BioTech Health SL,Tecnologia,Consultoria Internacional Recurrente,2023-05-26,Retainer May 2023 - BioTech Health SL,ingreso,8400.0,1764.0,10164.0,True
FAC-0084,CLI-006,AppDigital Labs,Tecnologia,Consultoria Internacional Recurrente,2023-05-26,Retainer May 2023 - AppDigital Labs,ingreso,6300.0,1323.0,7623.0,True
FAC-0085,CLI-045,Travel Experience Group,Turismo,Campana de Marketing Internacional,2023-05-26,Campana de Marketing Internacional - Travel Experience Group - Factura 1/1,ingreso,16300.0,3423.0,19723.0,True
FAC-0086,CLI-009,Alimentos del Sur SL,Agroalimentario,Consultoria Internacional Recurrente,2023-05-27,Retainer May 2023 - Alimentos del Sur SL,ingreso,9450.0,1984.5,11434.5,True
FAC-0087,CLI-013,Aceites y Olivares SL,Agroalimentario,Consultoria Internacional Recurrente,2023-05-27,Retainer May 2023 - Aceites y Olivares SL,ingreso,10500.0,2205.0,12705.0,True
FAC-0088,CLI-004,Nexus Software Group,Tecnologia,Consultoria Internacional Recurrente,2023-05-27,Retainer May 2023 - Nexus Software Group,ingreso,9980.0,2095.8,12075.8,True
FAC-0089,CLI-002,DataSmart Systems SA,Tecnologia,Consultoria Internacional Recurrente,2023-05-27,Retainer May 2023 - DataSmart Systems SA,ingreso,10710.0,2249.1,12959.1,True
FAC-0090,CLI-015,InduSteel Components SA,Bienes Industriales,Consultoria Internacional Recurrente,2023-05-27,Retainer May 2023 - InduSteel Components SA,ingreso,13120.0,2755.2,15875.2,True
FAC-0091,,,,,2023-06-03,Nominas,gasto_fijo,191700.0,0.0,191700.0,True
FAC-0092,,,,,2023-06-10,Servicios profesionales,gasto_fijo,3140.0,659.4,3799.4,True
FAC-0093,,,,,2023-06-14,Seguros,gasto_fijo,1790.0,375.9,2165.9,True
FAC-0094,,,,,2023-06-15,Software y SaaS,gasto_fijo,5900.0,1239.0,7139.0,True
FAC-0095,,,,,2023-06-15,Material de oficina,gasto_fijo,510.0,107.1,617.1,True
FAC-0096,,,,,2023-06-16,Viajes y dietas,gasto_variable,6180.0,1297.8,7477.8,True
FAC-0097,,,,,2023-06-21,Alquiler oficina,gasto_fijo,5530.0,1161.3,6691.3,True
FAC-0098,CLI-052,Calzados Deportivos SL,Bienes de Consumo,Plan de Promocion Internacional,2023-06-23,Plan de Promocion Internacional - Calzados Deportivos SL - Factura 4/5,ingreso,3010.0,632.1,3642.1,True
FAC-0099,,,,,2023-06-24,Suministros,gasto_fijo,1050.0,220.5,1270.5,True
FAC-0100,CLI-015,InduSteel Components SA,Bienes Industriales,Consultoria Internacional Recurrente,2023-06-25,Retainer June 2023 - InduSteel Components SA,ingreso,12500.0,2625.0,15125.0,True
FAC-0101,CLI-011,Frutas y Hortalizas del Norte,Agroalimentario,Consultoria Internacional Recurrente,2023-06-25,Retainer June 2023 - Frutas y Hortalizas del Norte,ingreso,8500.0,1785.0,10285.0,True
FAC-0102,CLI-014,Embotellados del Norte SL,Agroalimentario,Consultoria Internacional Recurrente,2023-06-25,Retainer June 2023 - Embotellados del Norte SL,ingreso,7500.0,1575.0,9075.0,True
FAC-0103,CLI-006,AppDigital Labs,Tecnologia,Consultoria Internacional Recurrente,2023-06-25,Retainer June 2023 - AppDigital Labs,ingreso,6000.0,1260.0,7260.0,True
FAC-0104,CLI-009,Alimentos del Sur SL,Agroalimentario,Consultoria Internacional Recurrente,2023-06-26,Retainer June 2023 - Alimentos del Sur SL,ingreso,9000.0,1890.0,10890.0,True
FAC-0105,CLI-012,Conservas Artesanas SL,Agroalimentario,Consultoria Internacional Recurrente,2023-06-26,Retainer June 2023 - Conservas Artesanas SL,ingreso,5500.0,1155.0,6655.0,True
FAC-0106,CLI-013,Aceites y Olivares SL,Agroalimentario,Consultoria Internacional Recurrente,2023-06-26,Retainer June 2023 - Aceites y Olivares SL,ingreso,10000.0,2100.0,12100.0,True
FAC-0107,CLI-010,Olivares del Mediterraneo,Agroalimentario,Consultoria Internacional Recurrente,2023-06-26,Retainer June 2023 - Olivares del Mediterraneo,ingreso,6500.0,1365.0,7865.0,True
FAC-0108,CLI-004,Nexus Software Group,Tecnologia,Consultoria Internacional Recurrente,2023-06-26,Retainer June 2023 - Nexus Software Group,ingreso,9500.0,1995.0,11495.0,True
FAC-0109,CLI-003,CloudNet Espana SL,Tecnologia,Consultoria Internacional Recurrente,2023-06-26,Retainer June 2023 - CloudNet Espana SL,ingreso,7800.0,1638.0,9438.0,True
FAC-0110,CLI-005,CyberSecure Consulting,Tecnologia,Consultoria Internacional Recurrente,2023-06-27,Retainer June 2023 - CyberSecure Consulting,ingreso,11000.0,2310.0,13310.0,True
FAC-0111,CLI-002,DataSmart Systems SA,Tecnologia,Consultoria Internacional Recurrente,2023-06-27,Retainer June 2023 - DataSmart Systems SA,ingreso,10200.0,2142.0,12342.0,True
FAC-0112,CLI-007,BioTech Health SL,Tecnologia,Consultoria Internacional Recurrente,2023-06-27,Retainer June 2023 - BioTech Health SL,ingreso,8000.0,1680.0,9680.0,True
FAC-0113,CLI-008,CampoVerde Export SA,Agroalimentario,Consultoria Internacional Recurrente,2023-06-27,Retainer June 2023 - CampoVerde Export SA,ingreso,7200.0,1512.0,8712.0,True
FAC-0114,CLI-001,InnovaTech Solutions SL,Tecnologia,Consultoria Internacional Recurrente,2023-06-27,Retainer June 2023 - InnovaTech Solutions SL,ingreso,8500.0,1785.0,10285.0,True
FAC-0115,,,,,2023-07-02,Nominas,gasto_fijo,191610.0,0.0,191610.0,True
FAC-0116,CLI-052,Calzados Deportivos SL,Bienes de Consumo,Plan de Promocion Internacional,2023-07-03,Plan de Promocion Internacional - Calzados Deportivos SL - Factura 5/5,ingreso,5340.0,1121.4,6461.4,True
FAC-0117,,,,,2023-07-16,Servicios profesionales,gasto_fijo,3750.0,787.5,4537.5,True
FAC-0118,,,,,2023-07-17,Software y SaaS,gasto_fijo,5930.0,1245.3,7175.3,True
FAC-0119,,,,,2023-07-21,Material de oficina,gasto_fijo,420.0,88.2,508.2,True
FAC-0120,,,,,2023-07-23,Suministros,gasto_fijo,920.0,193.2,1113.2,True
FAC-0121,,,,,2023-07-23,Seguros,gasto_fijo,1520.0,319.2,1839.2,True
FAC-0122,,,,,2023-07-23,IVA Trimestral,gasto_trimestral,40420.0,0.0,40420.0,True
FAC-0123,CLI-009,Alimentos del Sur SL,Agroalimentario,Consultoria Internacional Recurrente,2023-07-25,Retainer July 2023 - Alimentos del Sur SL,ingreso,8100.0,1701.0,9801.0,True
FAC-0124,CLI-006,AppDigital Labs,Tecnologia,Consultoria Internacional Recurrente,2023-07-25,Retainer July 2023 - AppDigital Labs,ingreso,5400.0,1134.0,6534.0,True
FAC-0125,CLI-011,Frutas y Hortalizas del Norte,Agroalimentario,Consultoria Internacional Recurrente,2023-07-25,Retainer July 2023 - Frutas y Hortalizas del Norte,ingreso,7650.0,1606.5,9256.5,True
FAC-0126,CLI-003,CloudNet Espana SL,Tecnologia,Consultoria Internacional Recurrente,2023-07-25,Retainer July 2023 - CloudNet Espana SL,ingreso,7020.0,1474.2,8494.2,True
FAC-0127,,,,,2023-07-25,Alquiler oficina,gasto_fijo,6040.0,1268.4,7308.4,True
FAC-0128,CLI-073,Ingenieria Mecanica SL,Bienes Industriales,Campana de Marketing Internacional,2023-07-25,Campana de Marketing Internacional - Ingenieria Mecanica SL - Factura 1/2,ingreso,2640.0,554.4,3194.4,True
FAC-0129,CLI-004,Nexus Software Group,Tecnologia,Consultoria Internacional Recurrente,2023-07-25,Retainer July 2023 - Nexus Software Group,ingreso,8550.0,1795.5,10345.5,True
FAC-0130,CLI-010,Olivares del Mediterraneo,Agroalimentario,Consultoria Internacional Recurrente,2023-07-25,Retainer July 2023 - Olivares del Mediterraneo,ingreso,5850.0,1228.5,7078.5,True
FAC-0131,CLI-002,DataSmart Systems SA,Tecnologia,Consultoria Internacional Recurrente,2023-07-26,Retainer July 2023 - DataSmart Systems SA,ingreso,9180.0,1927.8,11107.8,True
FAC-0132,CLI-015,InduSteel Components SA,Bienes Industriales,Consultoria Internacional Recurrente,2023-07-26,Retainer July 2023 - InduSteel Components SA,ingreso,11250.0,2362.5,13612.5,True
FAC-0133,CLI-012,Conservas Artesanas SL,Agroalimentario,Consultoria Internacional Recurrente,2023-07-26,Retainer July 2023 - Conservas Artesanas SL,ingreso,4950.0,1039.5,5989.5,True
FAC-0134,CLI-014,Embotellados del Norte SL,Agroalimentario,Consultoria Internacional Recurrente,2023-07-26,Retainer July 2023 - Embotellados del Norte SL,ingreso,6750.0,1417.5,8167.5,True
FAC-0135,CLI-001,InnovaTech Solutions SL,Tecnologia,Consultoria Internacional Recurrente,2023-07-26,Retainer July 2023 - InnovaTech Solutions SL,ingreso,7650.0,1606.5,9256.5,True
FAC-0136,CLI-013,Aceites y Olivares SL,Agroalimentario,Consultoria Internacional Recurrente,2023-07-27,Retainer July 2023 - Aceites y Olivares SL,ingreso,9000.0,1890.0,10890.0,True
FAC-0137,CLI-005,CyberSecure Consulting,Tecnologia,Consultoria Internacional Recurrente,2023-07-27,Retainer July 2023 - CyberSecure Consulting,ingreso,9900.0,2079.0,11979.0,True
FAC-0138,CLI-007,BioTech Health SL,Tecnologia,Consultoria Internacional Recurrente,2023-07-27,Retainer July 2023 - BioTech Health SL,ingreso,7200.0,1512.0,8712.0,True
FAC-0139,CLI-008,CampoVerde Export SA,Agroalimentario,Consultoria Internacional Recurrente,2023-07-27,Retainer July 2023 - CampoVerde Export SA,ingreso,6480.0,1360.8,7840.8,True
FAC-0140,,,,,2023-08-02,Nominas,gasto_fijo,172930.0,0.0,172930.0,True
FAC-0141,CLI-073,Ingenieria Mecanica SL,Bienes Industriales,Campana de Marketing Internacional,2023-08-07,Campana de Marketing Internacional - Ingenieria Mecanica SL - Factura 2/2,ingreso,6660.0,1398.6,8058.6,True
FAC-0142,,,,,2023-08-10,Alquiler stands ferias,gasto_variable,3390.0,711.9,4101.9,True
FAC-0143,,,,,2023-08-11,Seguros,gasto_fijo,1680.0,352.8,2032.8,True
FAC-0144,,,,,2023-08-13,Suministros,gasto_fijo,1140.0,239.4,1379.4,True
FAC-0145,,,,,2023-08-20,Servicios profesionales,gasto_fijo,4470.0,938.7,5408.7,True
FAC-0146,CLI-005,CyberSecure Consulting,Tecnologia,Consultoria Internacional Recurrente,2023-08-25,Retainer August 2023 - CyberSecure Consulting,ingreso,6600.0,1386.0,7986.0,True
FAC-0147,CLI-008,CampoVerde Export SA,Agroalimentario,Consultoria Internacional Recurrente,2023-08-25,Retainer August 2023 - CampoVerde Export SA,ingreso,4320.0,907.2,5227.2,True
FAC-0148,CLI-013,Aceites y Olivares SL,Agroalimentario,Consultoria Internacional Recurrente,2023-08-25,Retainer August 2023 - Aceites y Olivares SL,ingreso,6000.0,1260.0,7260.0,True
FAC-0149,,,,,2023-08-25,Software y SaaS,gasto_fijo,5230.0,1098.3,6328.3,True
FAC-0150,CLI-007,BioTech Health SL,Tecnologia,Consultoria Internacional Recurrente,2023-08-25,Retainer August 2023 - BioTech Health SL,ingreso,4800.0,1008.0,5808.0,True
FAC-0151,CLI-011,Frutas y Hortalizas del Norte,Agroalimentario,Consultoria Internacional Recurrente,2023-08-25,Retainer August 2023 - Frutas y Hortalizas del Norte,ingreso,5100.0,1071.0,6171.0,True
FAC-0152,CLI-015,InduSteel Components SA,Bienes Industriales,Consultoria Internacional Recurrente,2023-08-26,Retainer August 2023 - InduSteel Components SA,ingreso,7500.0,1575.0,9075.0,True
FAC-0153,,,,,2023-08-26,Alquiler oficina,gasto_fijo,6110.0,1283.1,7393.1,True
FAC-0154,,,,,2023-08-26,Material de oficina,gasto_fijo,410.0,86.1,496.1,True
FAC-0155,CLI-006,AppDigital Labs,Tecnologia,Consultoria Internacional Recurrente,2023-08-26,Retainer August 2023 - AppDigital Labs,ingreso,3600.0,756.0,4356.0,True
FAC-0156,CLI-067,Metalurgica Avanzada SA,Bienes Industriales,Plan de Promocion Internacional,2023-08-27,Plan de Promocion Internacional - Metalurgica Avanzada SA - Factura 1/3,ingreso,3450.0,724.5,4174.5,True
FAC-0157,CLI-004,Nexus Software Group,Tecnologia,Consultoria Internacional Recurrente,2023-08-27,Retainer August 2023 - Nexus Software Group,ingreso,5700.0,1197.0,6897.0,True
FAC-0158,CLI-014,Embotellados del Norte SL,Agroalimentario,Consultoria Internacional Recurrente,2023-08-27,Retainer August 2023 - Embotellados del Norte SL,ingreso,4500.0,945.0,5445.0,True
FAC-0159,CLI-012,Conservas Artesanas SL,Agroalimentario,Consultoria Internacional Recurrente,2023-08-27,Retainer August 2023 - Conservas Artesanas SL,ingreso,3300.0,693.0,3993.0,True
FAC-0160,CLI-003,CloudNet Espana SL,Tecnologia,Consultoria Internacional Recurrente,2023-08-27,Retainer August 2023 - CloudNet Espana SL,ingreso,4680.0,982.8,5662.8,True
FAC-0161,CLI-010,Olivares del Mediterraneo,Agroalimentario,Consultoria Internacional Recurrente,2023-08-27,Retainer August 2023 - Olivares del Mediterraneo,ingreso,3900.0,819.0,4719.0,True
FAC-0162,CLI-002,DataSmart Systems SA,Tecnologia,Consultoria Internacional Recurrente,2023-08-27,Retainer August 2023 - DataSmart Systems SA,ingreso,6120.0,1285.2,7405.2,True
FAC-0163,CLI-001,InnovaTech Solutions SL,Tecnologia,Consultoria Internacional Recurrente,2023-08-27,Retainer August 2023 - InnovaTech Solutions SL,ingreso,5100.0,1071.0,6171.0,True
FAC-0164,CLI-009,Alimentos del Sur SL,Agroalimentario,Consultoria Internacional Recurrente,2023-08-27,Retainer August 2023 - Alimentos del Sur SL,ingreso,5400.0,1134.0,6534.0,True
FAC-0165,,,,,2023-09-04,Nominas,gasto_fijo,186420.0,0.0,186420.0,True
FAC-0166,,,,,2023-09-05,Traduccion y adaptacion,gasto_variable,570.0,119.7,689.7,True
FAC-0167,CLI-053,Cloud Infrastructure SL,Tecnologia,Plan de Promocion Internacional,2023-09-08,Plan de Promocion Internacional - Cloud Infrastructure SL - Factura 1/2,ingreso,7580.0,1591.8,9171.8,True
FAC-0168,CLI-067,Metalurgica Avanzada SA,Bienes Industriales,Plan de Promocion Internacional,2023-09-10,Plan de Promocion Internacional - Metalurgica Avanzada SA - Factura 2/3,ingreso,6190.0,1299.9,7489.9,True
FAC-0169,,,,,2023-09-10,Material de oficina,gasto_fijo,680.0,142.8,822.8,True
FAC-0170,,,,,2023-09-10,Alquiler oficina,gasto_fijo,6450.0,1354.5,7804.5,True
FAC-0171,,,,,2023-09-18,Software y SaaS,gasto_fijo,4610.0,968.1,5578.1,True
FAC-0172,,,,,2023-09-18,Suministros,gasto_fijo,820.0,172.2,992.2,True
FAC-0173,,,,,2023-09-23,Seguros,gasto_fijo,1290.0,270.9,1560.9,True
FAC-0174,CLI-007,BioTech Health SL,Tecnologia,Consultoria Internacional Recurrente,2023-09-25,Retainer September 2023 - BioTech Health SL,ingreso,8800.0,1848.0,10648.0,True
FAC-0175,CLI-009,Alimentos del Sur SL,Agroalimentario,Consultoria Internacional Recurrente,2023-09-25,Retainer September 2023 - Alimentos del Sur SL,ingreso,9900.0,2079.0,11979.0,True
FAC-0176,CLI-015,InduSteel Components SA,Bienes Industriales,Consultoria Internacional Recurrente,2023-09-25,Retainer September 2023 - InduSteel Components SA,ingreso,13750.0,2887.5,16637.5,True
FAC-0177,CLI-006,AppDigital Labs,Tecnologia,Consultoria Internacional Recurrente,2023-09-25,Retainer September 2023 - AppDigital Labs,ingreso,6600.0,1386.0,7986.0,True
FAC-0178,CLI-008,CampoVerde Export SA,Agroalimentario,Consultoria Internacional Recurrente,2023-09-25,Retainer September 2023 - CampoVerde Export SA,ingreso,7920.0,1663.2,9583.2,True
FAC-0179,,,,,2023-09-25,Servicios profesionales,gasto_fijo,3460.0,726.6,4186.6,True
FAC-0180,CLI-004,Nexus Software Group,Tecnologia,Consultoria Internacional Recurrente,2023-09-25,Retainer September 2023 - Nexus Software Group,ingreso,10450.0,2194.5,12644.5,True
FAC-0181,CLI-005,CyberSecure Consulting,Tecnologia,Consultoria Internacional Recurrente,2023-09-25,Retainer September 2023 - CyberSecure Consulting,ingreso,12100.0,2541.0,14641.0,True
FAC-0182,CLI-021,EnerRenovables Solar SA,Bienes Industriales,Consultoria Internacional Recurrente,2023-09-26,Retainer September 2023 - EnerRenovables Solar SA,ingreso,10780.0,2263.8,13043.8,True
FAC-0183,CLI-012,Conservas Artesanas SL,Agroalimentario,Consultoria Internacional Recurrente,2023-09-26,Retainer September 2023 - Conservas Artesanas SL,ingreso,6050.0,1270.5,7320.5,True
FAC-0184,CLI-011,Frutas y Hortalizas del Norte,Agroalimentario,Consultoria Internacional Recurrente,2023-09-26,Retainer September 2023 - Frutas y Hortalizas del Norte,ingreso,9350.0,1963.5,11313.5,True
FAC-0185,CLI-002,DataSmart Systems SA,Tecnologia,Consultoria Internacional Recurrente,2023-09-26,Retainer September 2023 - DataSmart Systems SA,ingreso,11220.0,2356.2,13576.2,True
FAC-0186,CLI-003,CloudNet Espana SL,Tecnologia,Consultoria Internacional Recurrente,2023-09-26,Retainer September 2023 - CloudNet Espana SL,ingreso,8580.0,1801.8,10381.8,True
FAC-0187,CLI-013,Aceites y Olivares SL,Agroalimentario,Consultoria Internacional Recurrente,2023-09-26,Retainer September 2023 - Aceites y Olivares SL,ingreso,11000.0,2310.0,13310.0,True
FAC-0188,CLI-001,InnovaTech Solutions SL,Tecnologia,Consultoria Internacional Recurrente,2023-09-27,Retainer September 2023 - InnovaTech Solutions SL,ingreso,9350.0,1963.5,11313.5,True
FAC-0189,CLI-010,Olivares del Mediterraneo,Agroalimentario,Consultoria Internacional Recurrente,2023-09-27,Retainer September 2023 - Olivares del Mediterraneo,ingreso,7150.0,1501.5,8651.5,True
FAC-0190,CLI-014,Embotellados del Norte SL,Agroalimentario,Consultoria Internacional Recurrente,2023-09-27,Retainer September 2023 - Embotellados del Norte SL,ingreso,8250.0,1732.5,9982.5,True
FAC-0191,,,,,2023-10-01,Nominas,gasto_fijo,192060.0,0.0,192060.0,True
FAC-0192,CLI-053,Cloud Infrastructure SL,Tecnologia,Plan de Promocion Internacional,2023-10-02,Plan de Promocion Internacional - Cloud Infrastructure SL - Factura 2/2,ingreso,20820.0,4372.2,25192.2,True
FAC-0193,CLI-067,Metalurgica Avanzada SA,Bienes Industriales,Plan de Promocion Internacional,2023-10-07,Plan de Promocion Internacional - Metalurgica Avanzada SA - Factura 3/3,ingreso,19960.0,4191.6,24151.6,True
FAC-0194,,,,,2023-10-10,Viajes y dietas,gasto_variable,16320.0,3427.2,19747.2,True
FAC-0195,,,,,2023-10-10,Alquiler oficina,gasto_fijo,6320.0,1327.2,7647.2,True
FAC-0196,,,,,2023-10-13,Viajes y dietas,gasto_variable,1590.0,333.9,1923.9,True
FAC-0197,,,,,2023-10-16,Suministros,gasto_fijo,880.0,184.8,1064.8,True
FAC-0198,,,,,2023-10-16,Software y SaaS,gasto_fijo,4500.0,945.0,5445.0,True
FAC-0199,,,,,2023-10-18,Pago Fraccionado IS,gasto_trimestral,17470.0,0.0,17470.0,True
FAC-0200,,,,,2023-10-19,Servicios profesionales,gasto_fijo,2830.0,594.3,3424.3,True
FAC-0201,,,,,2023-10-22,IVA Trimestral,gasto_trimestral,42730.0,0.0,42730.0,True
FAC-0202,CLI-010,Olivares del Mediterraneo,Agroalimentario,Consultoria Internacional Recurrente,2023-10-25,Retainer October 2023 - Olivares del Mediterraneo,ingreso,7150.0,1501.5,8651.5,True
FAC-0203,CLI-009,Alimentos del Sur SL,Agroalimentario,Consultoria Internacional Recurrente,2023-10-25,Retainer October 2023 - Alimentos del Sur SL,ingreso,9900.0,2079.0,11979.0,True
FAC-0204,CLI-011,Frutas y Hortalizas del Norte,Agroalimentario,Consultoria Internacional Recurrente,2023-10-25,Retainer October 2023 - Frutas y Hortalizas del Norte,ingreso,9350.0,1963.5,11313.5,True
FAC-0205,CLI-014,Embotellados del Norte SL,Agroalimentario,Consultoria Internacional Recurrente,2023-10-25,Retainer October 2023 - Embotellados del Norte SL,ingreso,8250.0,1732.5,9982.5,True
FAC-0206,CLI-021,EnerRenovables Solar SA,Bienes Industriales,Consultoria Internacional Recurrente,2023-10-26,Retainer October 2023 - EnerRenovables Solar SA,ingreso,10780.0,2263.8,13043.8,True
FAC-0207,CLI-006,AppDigital Labs,Tecnologia,Consultoria Internacional Recurrente,2023-10-26,Retainer October 2023 - AppDigital Labs,ingreso,6600.0,1386.0,7986.0,True
FAC-0208,,,,,2023-10-26,Material de oficina,gasto_fijo,880.0,184.8,1064.8,True
FAC-0209,CLI-003,CloudNet Espana SL,Tecnologia,Consultoria Internacional Recurrente,2023-10-26,Retainer October 2023 - CloudNet Espana SL,ingreso,8580.0,1801.8,10381.8,True
FAC-0210,CLI-002,DataSmart Systems SA,Tecnologia,Consultoria Internacional Recurrente,2023-10-26,Retainer October 2023 - DataSmart Systems SA,ingreso,11220.0,2356.2,13576.2,True
FAC-0211,CLI-004,Nexus Software Group,Tecnologia,Consultoria Internacional Recurrente,2023-10-26,Retainer October 2023 - Nexus Software Group,ingreso,10450.0,2194.5,12644.5,True
FAC-0212,,,,,2023-10-27,Seguros,gasto_fijo,1690.0,354.9,2044.9,True
FAC-0213,CLI-015,InduSteel Components SA,Bienes Industriales,Consultoria Internacional Recurrente,2023-10-27,Retainer October 2023 - InduSteel Components SA,ingreso,13750.0,2887.5,16637.5,True
FAC-0214,CLI-018,AutoParts Iberica SA,Bienes Industriales,Consultoria Internacional Recurrente,2023-10-27,Retainer October 2023 - AutoParts Iberica SA,ingreso,11550.0,2425.5,13975.5,True
FAC-0215,CLI-013,Aceites y Olivares SL,Agroalimentario,Consultoria Internacional Recurrente,2023-10-27,Retainer October 2023 - Aceites y Olivares SL,ingreso,11000.0,2310.0,13310.0,True
FAC-0216,CLI-007,BioTech Health SL,Tecnologia,Consultoria Internacional Recurrente,2023-10-27,Retainer October 2023 - BioTech Health SL,ingreso,8800.0,1848.0,10648.0,True
FAC-0217,CLI-012,Conservas Artesanas SL,Agroalimentario,Consultoria Internacional Recurrente,2023-10-27,Retainer October 2023 - Conservas Artesanas SL,ingreso,6050.0,1270.5,7320.5,True
FAC-0218,CLI-001,InnovaTech Solutions SL,Tecnologia,Consultoria Internacional Recurrente,2023-10-27,Retainer October 2023 - InnovaTech Solutions SL,ingreso,9350.0,1963.5,11313.5,True
FAC-0219,CLI-008,CampoVerde Export SA,Agroalimentario,Consultoria Internacional Recurrente,2023-10-27,Retainer October 2023 - CampoVerde Export SA,ingreso,7920.0,1663.2,9583.2,True
FAC-0220,CLI-005,CyberSecure Consulting,Tecnologia,Consultoria Internacional Recurrente,2023-10-27,Retainer October 2023 - CyberSecure Consulting,ingreso,12100.0,2541.0,14641.0,True
FAC-0221,,,,,2023-11-02,Nominas,gasto_fijo,185310.0,0.0,185310.0,True
FAC-0222,,,,,2023-11-12,Software y SaaS,gasto_fijo,4100.0,861.0,4961.0,True
FAC-0223,,,,,2023-11-16,Alquiler oficina,gasto_fijo,6160.0,1293.6,7453.6,True
FAC-0224,,,,,2023-11-19,Seguros,gasto_fijo,1460.0,306.6,1766.6,True
FAC-0225,,,,,2023-11-21,Material de oficina,gasto_fijo,480.0,100.8,580.8,True
FAC-0226,CLI-010,Olivares del Mediterraneo,Agroalimentario,Consultoria Internacional Recurrente,2023-11-25,Retainer November 2023 - Olivares del Mediterraneo,ingreso,6500.0,1365.0,7865.0,True
FAC-0227,,,,,2023-11-25,Suministros,gasto_fijo,1130.0,237.3,1367.3,True
FAC-0228,CLI-021,EnerRenovables Solar SA,Bienes Industriales,Consultoria Internacional Recurrente,2023-11-25,Retainer November 2023 - EnerRenovables Solar SA,ingreso,9800.0,2058.0,11858.0,True
FAC-0229,CLI-014,Embotellados del Norte SL,Agroalimentario,Consultoria Internacional Recurrente,2023-11-25,Retainer November 2023 - Embotellados del Norte SL,ingreso,7500.0,1575.0,9075.0,True
FAC-0230,CLI-004,Nexus Software Group,Tecnologia,Consultoria Internacional Recurrente,2023-11-25,Retainer November 2023 - Nexus Software Group,ingreso,9500.0,1995.0,11495.0,True
FAC-0231,CLI-012,Conservas Artesanas SL,Agroalimentario,Consultoria Internacional Recurrente,2023-11-26,Retainer November 2023 - Conservas Artesanas SL,ingreso,5500.0,1155.0,6655.0,True
FAC-0232,CLI-009,Alimentos del Sur SL,Agroalimentario,Consultoria Internacional Recurrente,2023-11-26,Retainer November 2023 - Alimentos del Sur SL,ingreso,9000.0,1890.0,10890.0,True
FAC-0233,CLI-007,BioTech Health SL,Tecnologia,Consultoria Internacional Recurrente,2023-11-26,Retainer November 2023 - BioTech Health SL,ingreso,8000.0,1680.0,9680.0,True
FAC-0234,CLI-006,AppDigital Labs,Tecnologia,Consultoria Internacional Recurrente,2023-11-26,Retainer November 2023 - AppDigital Labs,ingreso,6000.0,1260.0,7260.0,True
FAC-0235,CLI-013,Aceites y Olivares SL,Agroalimentario,Consultoria Internacional Recurrente,2023-11-26,Retainer November 2023 - Aceites y Olivares SL,ingreso,10000.0,2100.0,12100.0,True
FAC-0236,CLI-015,InduSteel Components SA,Bienes Industriales,Consultoria Internacional Recurrente,2023-11-26,Retainer November 2023 - InduSteel Components SA,ingreso,12500.0,2625.0,15125.0,True
FAC-0237,CLI-003,CloudNet Espana SL,Tecnologia,Consultoria Internacional Recurrente,2023-11-26,Retainer November 2023 - CloudNet Espana SL,ingreso,7800.0,1638.0,9438.0,True
FAC-0238,CLI-018,AutoParts Iberica SA,Bienes Industriales,Consultoria Internacional Recurrente,2023-11-26,Retainer November 2023 - AutoParts Iberica SA,ingreso,10500.0,2205.0,12705.0,True
FAC-0239,CLI-019,Construcciones Metalicas ML,Bienes Industriales,Consultoria Internacional Recurrente,2023-11-27,Retainer November 2023 - Construcciones Metalicas ML,ingreso,7000.0,1470.0,8470.0,True
FAC-0240,CLI-002,DataSmart Systems SA,Tecnologia,Consultoria Internacional Recurrente,2023-11-27,Retainer November 2023 - DataSmart Systems SA,ingreso,10200.0,2142.0,12342.0,True
FAC-0241,,,,,2023-11-27,Servicios profesionales,gasto_fijo,2620.0,550.2,3170.2,True
FAC-0242,CLI-005,CyberSecure Consulting,Tecnologia,Consultoria Internacional Recurrente,2023-11-27,Retainer November 2023 - CyberSecure Consulting,ingreso,11000.0,2310.0,13310.0,True
FAC-0243,CLI-025,Destilerias del Sur SL,Vinos y Bebidas,Consultoria Internacional Recurrente,2023-11-27,Retainer November 2023 - Destilerias del Sur SL,ingreso,7800.0,1638.0,9438.0,True
FAC-0244,CLI-001,InnovaTech Solutions SL,Tecnologia,Consultoria Internacional Recurrente,2023-11-27,Retainer November 2023 - InnovaTech Solutions SL,ingreso,8500.0,1785.0,10285.0,True
FAC-0245,CLI-011,Frutas y Hortalizas del Norte,Agroalimentario,Consultoria Internacional Recurrente,2023-11-27,Retainer November 2023 - Frutas y Hortalizas del Norte,ingreso,8500.0,1785.0,10285.0,True
FAC-0246,CLI-008,CampoVerde Export SA,Agroalimentario,Consultoria Internacional Recurrente,2023-11-27,Retainer November 2023 - CampoVerde Export SA,ingreso,7200.0,1512.0,8712.0,True
FAC-0247,,,,,2023-12-02,Nominas,gasto_fijo,178230.0,0.0,178230.0,True
FAC-0248,,,,,2023-12-14,Servicios profesionales,gasto_fijo,4490.0,942.9,5432.9,True
FAC-0249,CLI-044,Vinedos Solariegos SL,Vinos y Bebidas,Mision Comercial,2023-12-15,Mision Comercial - Vinedos Solariegos SL - Factura 1/1,ingreso,17200.0,3612.0,20812.0,True
FAC-0250,,,,,2023-12-15,Pago Fraccionado IS,gasto_trimestral,10580.0,0.0,10580.0,True
FAC-0251,,,,,2023-12-17,Suministros,gasto_fijo,1320.0,277.2,1597.2,True
FAC-0252,,,,,2023-12-18,Material de oficina,gasto_fijo,650.0,136.5,786.5,True
FAC-0253,,,,,2023-12-19,Marketing y publicidad,gasto_variable,2520.0,529.2,3049.2,True
FAC-0254,,,,,2023-12-21,Software y SaaS,gasto_fijo,5390.0,1131.9,6521.9,True
FAC-0255,,,,,2023-12-23,Alquiler oficina,gasto_fijo,5840.0,1226.4,7066.4,True
FAC-0256,CLI-014,Embotellados del Norte SL,Agroalimentario,Consultoria Internacional Recurrente,2023-12-25,Retainer December 2023 - Embotellados del Norte SL,ingreso,5250.0,1102.5,6352.5,True
FAC-0257,CLI-013,Aceites y Olivares SL,Agroalimentario,Consultoria Internacional Recurrente,2023-12-25,Retainer December 2023 - Aceites y Olivares SL,ingreso,7000.0,1470.0,8470.0,True
FAC-0258,CLI-019,Construcciones Metalicas ML,Bienes Industriales,Consultoria Internacional Recurrente,2023-12-25,Retainer December 2023 - Construcciones Metalicas ML,ingreso,4900.0,1029.0,5929.0,True
FAC-0259,CLI-025,Destilerias del Sur SL,Vinos y Bebidas,Consultoria Internacional Recurrente,2023-12-25,Retainer December 2023 - Destilerias del Sur SL,ingreso,5460.0,1146.6,6606.6,True
FAC-0260,CLI-001,InnovaTech Solutions SL,Tecnologia,Consultoria Internacional Recurrente,2023-12-25,Retainer December 2023 - InnovaTech Solutions SL,ingreso,5950.0,1249.5,7199.5,True
FAC-0261,CLI-018,AutoParts Iberica SA,Bienes Industriales,Consultoria Internacional Recurrente,2023-12-25,Retainer December 2023 - AutoParts Iberica SA,ingreso,7350.0,1543.5,8893.5,True
FAC-0262,CLI-007,BioTech Health SL,Tecnologia,Consultoria Internacional Recurrente,2023-12-25,Retainer December 2023 - BioTech Health SL,ingreso,5600.0,1176.0,6776.0,True
FAC-0263,CLI-002,DataSmart Systems SA,Tecnologia,Consultoria Internacional Recurrente,2023-12-26,Retainer December 2023 - DataSmart Systems SA,ingreso,7140.0,1499.4,8639.4,True
FAC-0264,CLI-027,Cervezas Artesanas Gredos,Vinos y Bebidas,Consultoria Internacional Recurrente,2023-12-26,Retainer December 2023 - Cervezas Artesanas Gredos,ingreso,3640.0,764.4,4404.4,True
FAC-0265,CLI-015,InduSteel Components SA,Bienes Industriales,Consultoria Internacional Recurrente,2023-12-26,Retainer December 2023 - InduSteel Components SA,ingreso,8750.0,1837.5,10587.5,True
FAC-0266,CLI-003,CloudNet Espana SL,Tecnologia,Consultoria Internacional Recurrente,2023-12-26,Retainer December 2023 - CloudNet Espana SL,ingreso,5460.0,1146.6,6606.6,True
FAC-0267,CLI-009,Alimentos del Sur SL,Agroalimentario,Consultoria Internacional Recurrente,2023-12-26,Retainer December 2023 - Alimentos del Sur SL,ingreso,6300.0,1323.0,7623.0,True
FAC-0268,,,,,2023-12-27,Seguros,gasto_fijo,1590.0,333.9,1923.9,True
FAC-0269,CLI-008,CampoVerde Export SA,Agroalimentario,Consultoria Internacional Recurrente,2023-12-27,Retainer December 2023 - CampoVerde Export SA,ingreso,5040.0,1058.4,6098.4,True
FAC-0270,CLI-021,EnerRenovables Solar SA,Bienes Industriales,Consultoria Internacional Recurrente,2023-12-27,Retainer December 2023 - EnerRenovables Solar SA,ingreso,6860.0,1440.6,8300.6,True
FAC-0271,CLI-010,Olivares del Mediterraneo,Agroalimentario,Consultoria Internacional Recurrente,2023-12-27,Retainer December 2023 - Olivares del Mediterraneo,ingreso,4550.0,955.5,5505.5,True
FAC-0272,CLI-011,Frutas y Hortalizas del Norte,Agroalimentario,Consultoria Internacional Recurrente,2023-12-27,Retainer December 2023 - Frutas y Hortalizas del Norte,ingreso,5950.0,1249.5,7199.5,True
FAC-0273,CLI-006,AppDigital Labs,Tecnologia,Consultoria Internacional Recurrente,2023-12-27,Retainer December 2023 - AppDigital Labs,ingreso,4200.0,882.0,5082.0,True
FAC-0274,CLI-005,CyberSecure Consulting,Tecnologia,Consultoria Internacional Recurrente,2023-12-27,Retainer December 2023 - CyberSecure Consulting,ingreso,7700.0,1617.0,9317.0,True
FAC-0275,CLI-012,Conservas Artesanas SL,Agroalimentario,Consultoria Internacional Recurrente,2023-12-27,Retainer December 2023 - Conservas Artesanas SL,ingreso,3850.0,808.5,4658.5,True
FAC-0276,CLI-004,Nexus Software Group,Tecnologia,Consultoria Internacional Recurrente,2023-12-27,Retainer December 2023 - Nexus Software Group,ingreso,6650.0,1396.5,8046.5,True
FAC-0277,,,,,2024-01-02,Nominas,gasto_fijo,194020.0,0.0,194020.0,True
FAC-0278,,,,,2024-01-11,Servicios profesionales,gasto_fijo,3470.0,728.7,4198.7,True
FAC-0279,,,,,2024-01-11,Material de oficina,gasto_fijo,700.0,147.0,847.0,True
FAC-0280,,,,,2024-01-14,Alquiler oficina,gasto_fijo,5850.0,1228.5,7078.5,True
FAC-0281,,,,,2024-01-18,Seguros,gasto_fijo,1460.0,306.6,1766.6,True
FAC-0282,,,,,2024-01-21,Suministros,gasto_fijo,1260.0,264.6,1524.6,True
FAC-0283,CLI-025,Destilerias del Sur SL,Vinos y Bebidas,Consultoria Internacional Recurrente,2024-01-25,Retainer January 2024 - Destilerias del Sur SL,ingreso,8580.0,1801.8,10381.8,True
FAC-0284,CLI-019,Construcciones Metalicas ML,Bienes Industriales,Consultoria Internacional Recurrente,2024-01-25,Retainer January 2024 - Construcciones Metalicas ML,ingreso,7700.0,1617.0,9317.0,True
FAC-0285,CLI-018,AutoParts Iberica SA,Bienes Industriales,Consultoria Internacional Recurrente,2024-01-25,Retainer January 2024 - AutoParts Iberica SA,ingreso,11550.0,2425.5,13975.5,True
FAC-0286,CLI-021,EnerRenovables Solar SA,Bienes Industriales,Consultoria Internacional Recurrente,2024-01-25,Retainer January 2024 - EnerRenovables Solar SA,ingreso,10780.0,2263.8,13043.8,True
FAC-0287,CLI-011,Frutas y Hortalizas del Norte,Agroalimentario,Consultoria Internacional Recurrente,2024-01-25,Retainer January 2024 - Frutas y Hortalizas del Norte,ingreso,9350.0,1963.5,11313.5,True
FAC-0288,CLI-005,CyberSecure Consulting,Tecnologia,Consultoria Internacional Recurrente,2024-01-26,Retainer January 2024 - CyberSecure Consulting,ingreso,12100.0,2541.0,14641.0,True
FAC-0289,CLI-006,AppDigital Labs,Tecnologia,Consultoria Internacional Recurrente,2024-01-26,Retainer January 2024 - AppDigital Labs,ingreso,6600.0,1386.0,7986.0,True
FAC-0290,CLI-008,CampoVerde Export SA,Agroalimentario,Consultoria Internacional Recurrente,2024-01-26,Retainer January 2024 - CampoVerde Export SA,ingreso,7920.0,1663.2,9583.2,True
FAC-0291,CLI-015,InduSteel Components SA,Bienes Industriales,Consultoria Internacional Recurrente,2024-01-26,Retainer January 2024 - InduSteel Components SA,ingreso,13750.0,2887.5,16637.5,True
FAC-0292,CLI-014,Embotellados del Norte SL,Agroalimentario,Consultoria Internacional Recurrente,2024-01-26,Retainer January 2024 - Embotellados del Norte SL,ingreso,8250.0,1732.5,9982.5,True
FAC-0293,CLI-003,CloudNet Espana SL,Tecnologia,Consultoria Internacional Recurrente,2024-01-26,Retainer January 2024 - CloudNet Espana SL,ingreso,8580.0,1801.8,10381.8,True
FAC-0294,CLI-013,Aceites y Olivares SL,Agroalimentario,Consultoria Internacional Recurrente,2024-01-26,Retainer January 2024 - Aceites y Olivares SL,ingreso,11000.0,2310.0,13310.0,True
FAC-0295,CLI-009,Alimentos del Sur SL,Agroalimentario,Consultoria Internacional Recurrente,2024-01-26,Retainer January 2024 - Alimentos del Sur SL,ingreso,9900.0,2079.0,11979.0,True
FAC-0296,CLI-027,Cervezas Artesanas Gredos,Vinos y Bebidas,Consultoria Internacional Recurrente,2024-01-27,Retainer January 2024 - Cervezas Artesanas Gredos,ingreso,5720.0,1201.2,6921.2,True
FAC-0297,CLI-012,Conservas Artesanas SL,Agroalimentario,Consultoria Internacional Recurrente,2024-01-27,Retainer January 2024 - Conservas Artesanas SL,ingreso,6050.0,1270.5,7320.5,True
FAC-0298,,,,,2024-01-27,Software y SaaS,gasto_fijo,6170.0,1295.7,7465.7,True
FAC-0299,CLI-007,BioTech Health SL,Tecnologia,Consultoria Internacional Recurrente,2024-01-27,Retainer January 2024 - BioTech Health SL,ingreso,8800.0,1848.0,10648.0,True
FAC-0300,CLI-002,DataSmart Systems SA,Tecnologia,Consultoria Internacional Recurrente,2024-01-27,Retainer January 2024 - DataSmart Systems SA,ingreso,11220.0,2356.2,13576.2,True
FAC-0301,CLI-004,Nexus Software Group,Tecnologia,Consultoria Internacional Recurrente,2024-01-27,Retainer January 2024 - Nexus Software Group,ingreso,10450.0,2194.5,12644.5,True
FAC-0302,CLI-001,InnovaTech Solutions SL,Tecnologia,Consultoria Internacional Recurrente,2024-01-27,Retainer January 2024 - InnovaTech Solutions SL,ingreso,9350.0,1963.5,11313.5,True
FAC-0303,CLI-010,Olivares del Mediterraneo,Agroalimentario,Consultoria Internacional Recurrente,2024-01-27,Retainer January 2024 - Olivares del Mediterraneo,ingreso,7150.0,1501.5,8651.5,True
FAC-0304,,,,,2024-02-03,Nominas,gasto_fijo,176920.0,0.0,176920.0,True
FAC-0305,,,,,2024-02-17,Seguros,gasto_fijo,1440.0,302.4,1742.4,True
FAC-0306,,,,,2024-02-19,Servicios profesionales,gasto_fijo,2980.0,625.8,3605.8,True
FAC-0307,,,,,2024-02-19,Asesoria legal local,gasto_variable,1850.0,388.5,2238.5,True
FAC-0308,,,,,2024-02-21,Alquiler oficina,gasto_fijo,5880.0,1234.8,7114.8,True
FAC-0309,,,,,2024-02-23,Material de oficina,gasto_fijo,660.0,138.6,798.6,True
FAC-0310,,,,,2024-02-24,Software y SaaS,gasto_fijo,4590.0,963.9,5553.9,True
FAC-0311,CLI-008,CampoVerde Export SA,Agroalimentario,Consultoria Internacional Recurrente,2024-02-25,Retainer February 2024 - CampoVerde Export SA,ingreso,6840.0,1436.4,8276.4,True
FAC-0312,CLI-015,InduSteel Components SA,Bienes Industriales,Consultoria Internacional Recurrente,2024-02-25,Retainer February 2024 - InduSteel Components SA,ingreso,11880.0,2494.8,14374.8,True
FAC-0313,CLI-001,InnovaTech Solutions SL,Tecnologia,Consultoria Internacional Recurrente,2024-02-26,Retainer February 2024 - InnovaTech Solutions SL,ingreso,8080.0,1696.8,9776.8,True
FAC-0314,CLI-010,Olivares del Mediterraneo,Agroalimentario,Consultoria Internacional Recurrente,2024-02-26,Retainer February 2024 - Olivares del Mediterraneo,ingreso,6180.0,1297.8,7477.8,True
FAC-0315,CLI-004,Nexus Software Group,Tecnologia,Consultoria Internacional Recurrente,2024-02-26,Retainer February 2024 - Nexus Software Group,ingreso,9020.0,1894.2,10914.2,True
FAC-0316,CLI-005,CyberSecure Consulting,Tecnologia,Consultoria Internacional Recurrente,2024-02-26,Retainer February 2024 - CyberSecure Consulting,ingreso,10450.0,2194.5,12644.5,True
FAC-0317,CLI-014,Embotellados del Norte SL,Agroalimentario,Consultoria Internacional Recurrente,2024-02-26,Retainer February 2024 - Embotellados del Norte SL,ingreso,7120.0,1495.2,8615.2,True
FAC-0318,CLI-003,CloudNet Espana SL,Tecnologia,Consultoria Internacional Recurrente,2024-02-26,Retainer February 2024 - CloudNet Espana SL,ingreso,7410.0,1556.1,8966.1,True
FAC-0319,CLI-025,Destilerias del Sur SL,Vinos y Bebidas,Consultoria Internacional Recurrente,2024-02-26,Retainer February 2024 - Destilerias del Sur SL,ingreso,7410.0,1556.1,8966.1,True
FAC-0320,CLI-013,Aceites y Olivares SL,Agroalimentario,Consultoria Internacional Recurrente,2024-02-26,Retainer February 2024 - Aceites y Olivares SL,ingreso,9500.0,1995.0,11495.0,True
FAC-0321,CLI-012,Conservas Artesanas SL,Agroalimentario,Consultoria Internacional Recurrente,2024-02-26,Retainer February 2024 - Conservas Artesanas SL,ingreso,5220.0,1096.2,6316.2,True
FAC-0322,CLI-002,DataSmart Systems SA,Tecnologia,Consultoria Internacional Recurrente,2024-02-27,Retainer February 2024 - DataSmart Systems SA,ingreso,9690.0,2034.9,11724.9,True
FAC-0323,CLI-007,BioTech Health SL,Tecnologia,Consultoria Internacional Recurrente,2024-02-27,Retainer February 2024 - BioTech Health SL,ingreso,7600.0,1596.0,9196.0,True
FAC-0324,CLI-019,Construcciones Metalicas ML,Bienes Industriales,Consultoria Internacional Recurrente,2024-02-27,Retainer February 2024 - Construcciones Metalicas ML,ingreso,6650.0,1396.5,8046.5,True
FAC-0325,CLI-027,Cervezas Artesanas Gredos,Vinos y Bebidas,Consultoria Internacional Recurrente,2024-02-27,Retainer February 2024 - Cervezas Artesanas Gredos,ingreso,4940.0,1037.4,5977.4,True
FAC-0326,CLI-018,AutoParts Iberica SA,Bienes Industriales,Consultoria Internacional Recurrente,2024-02-27,Retainer February 2024 - AutoParts Iberica SA,ingreso,9980.0,2095.8,12075.8,True
FAC-0327,CLI-006,AppDigital Labs,Tecnologia,Consultoria Internacional Recurrente,2024-02-27,Retainer February 2024 - AppDigital Labs,ingreso,5700.0,1197.0,6897.0,True
FAC-0328,CLI-020,ElecTech Sistemas SL,Bienes Industriales,Consultoria Internacional Recurrente,2024-02-27,Retainer February 2024 - ElecTech Sistemas SL,ingreso,7790.0,1635.9,9425.9,True
FAC-0329,CLI-011,Frutas y Hortalizas del Norte,Agroalimentario,Consultoria Internacional Recurrente,2024-02-27,Retainer February 2024 - Frutas y Hortalizas del Norte,ingreso,8080.0,1696.8,9776.8,True
FAC-0330,CLI-021,EnerRenovables Solar SA,Bienes Industriales,Consultoria Internacional Recurrente,2024-02-27,Retainer February 2024 - EnerRenovables Solar SA,ingreso,9310.0,1955.1,11265.1,True
FAC-0331,,,,,2024-02-27,Suministros,gasto_fijo,1180.0,247.8,1427.8,True
FAC-0332,,,,,2024-03-02,Nominas,gasto_fijo,182870.0,0.0,182870.0,True
FAC-0333,CLI-046,Diseno y Hogar SA,Bienes de Consumo,Plan de Promocion Internacional,2024-03-04,Plan de Promocion Internacional - Diseno y Hogar SA - Factura 1/3,ingreso,2820.0,592.2,3412.2,True
FAC-0334,CLI-065,DataCenter Solutions SA,Tecnologia,Plan Integral de Internacionalizacion,2024-03-06,Plan Integral de Internacionalizacion - DataCenter Solutions SA - Factura 1/3,ingreso,12920.0,2713.2,15633.2,True
FAC-0335,,,,,2024-03-11,Software y SaaS,gasto_fijo,6140.0,1289.4,7429.4,True
FAC-0336,,,,,2024-03-11,Alquiler oficina,gasto_fijo,5600.0,1176.0,6776.0,True
FAC-0337,,,,,2024-03-13,Material de oficina,gasto_fijo,880.0,184.8,1064.8,True
FAC-0338,,,,,2024-03-14,Marketing y publicidad,gasto_variable,4460.0,936.6,5396.6,True
FAC-0339,,,,,2024-03-14,Asesoria legal local,gasto_variable,1680.0,352.8,2032.8,True
FAC-0340,,,,,2024-03-14,Seguros,gasto_fijo,1400.0,294.0,1694.0,True
FAC-0341,,,,,2024-03-17,Servicios profesionales,gasto_fijo,3700.0,777.0,4477.0,True
FAC-0342,CLI-001,InnovaTech Solutions SL,Tecnologia,Consultoria Internacional Recurrente,2024-03-25,Retainer March 2024 - InnovaTech Solutions SL,ingreso,9350.0,1963.5,11313.5,True
FAC-0343,CLI-002,DataSmart Systems SA,Tecnologia,Consultoria Internacional Recurrente,2024-03-25,Retainer March 2024 - DataSmart Systems SA,ingreso,11220.0,2356.2,13576.2,True
FAC-0344,CLI-019,Construcciones Metalicas ML,Bienes Industriales,Consultoria Internacional Recurrente,2024-03-25,Retainer March 2024 - Construcciones Metalicas ML,ingreso,7700.0,1617.0,9317.0,True
FAC-0345,CLI-025,Destilerias del Sur SL,Vinos y Bebidas,Consultoria Internacional Recurrente,2024-03-25,Retainer March 2024 - Destilerias del Sur SL,ingreso,8580.0,1801.8,10381.8,True
FAC-0346,CLI-014,Embotellados del Norte SL,Agroalimentario,Consultoria Internacional Recurrente,2024-03-25,Retainer March 2024 - Embotellados del Norte SL,ingreso,8250.0,1732.5,9982.5,True
FAC-0347,CLI-004,Nexus Software Group,Tecnologia,Consultoria Internacional Recurrente,2024-03-25,Retainer March 2024 - Nexus Software Group,ingreso,10450.0,2194.5,12644.5,True
FAC-0348,CLI-011,Frutas y Hortalizas del Norte,Agroalimentario,Consultoria Internacional Recurrente,2024-03-25,Retainer March 2024 - Frutas y Hortalizas del Norte,ingreso,9350.0,1963.5,11313.5,True
FAC-0349,CLI-021,EnerRenovables Solar SA,Bienes Industriales,Consultoria Internacional Recurrente,2024-03-25,Retainer March 2024 - EnerRenovables Solar SA,ingreso,10780.0,2263.8,13043.8,True
FAC-0350,CLI-018,AutoParts Iberica SA,Bienes Industriales,Consultoria Internacional Recurrente,2024-03-25,Retainer March 2024 - AutoParts Iberica SA,ingreso,11550.0,2425.5,13975.5,True
FAC-0351,CLI-006,AppDigital Labs,Tecnologia,Consultoria Internacional Recurrente,2024-03-25,Retainer March 2024 - AppDigital Labs,ingreso,6600.0,1386.0,7986.0,True
FAC-0352,CLI-012,Conservas Artesanas SL,Agroalimentario,Consultoria Internacional Recurrente,2024-03-26,Retainer March 2024 - Conservas Artesanas SL,ingreso,6050.0,1270.5,7320.5,True
FAC-0353,CLI-005,CyberSecure Consulting,Tecnologia,Consultoria Internacional Recurrente,2024-03-26,Retainer March 2024 - CyberSecure Consulting,ingreso,12100.0,2541.0,14641.0,True
FAC-0354,CLI-013,Aceites y Olivares SL,Agroalimentario,Consultoria Internacional Recurrente,2024-03-26,Retainer March 2024 - Aceites y Olivares SL,ingreso,11000.0,2310.0,13310.0,True
FAC-0355,,,,,2024-03-26,Suministros,gasto_fijo,1030.0,216.3,1246.3,True
FAC-0356,CLI-015,InduSteel Components SA,Bienes Industriales,Consultoria Internacional Recurrente,2024-03-26,Retainer March 2024 - InduSteel Components SA,ingreso,13750.0,2887.5,16637.5,True
FAC-0357,CLI-020,ElecTech Sistemas SL,Bienes Industriales,Consultoria Internacional Recurrente,2024-03-26,Retainer March 2024 - ElecTech Sistemas SL,ingreso,9020.0,1894.2,10914.2,True
FAC-0358,CLI-072,Cultivos Hidroponicos SL,Agroalimentario,Plan de Promocion Internacional,2024-03-26,Plan de Promocion Internacional - Cultivos Hidroponicos SL - Factura 1/2,ingreso,2550.0,535.5,3085.5,True
FAC-0359,CLI-007,BioTech Health SL,Tecnologia,Consultoria Internacional Recurrente,2024-03-27,Retainer March 2024 - BioTech Health SL,ingreso,8800.0,1848.0,10648.0,True
FAC-0360,CLI-027,Cervezas Artesanas Gredos,Vinos y Bebidas,Consultoria Internacional Recurrente,2024-03-27,Retainer March 2024 - Cervezas Artesanas Gredos,ingreso,5720.0,1201.2,6921.2,True
FAC-0361,CLI-022,Soluciones Logisticas ML,Bienes Industriales,Consultoria Internacional Recurrente,2024-03-27,Retainer March 2024 - Soluciones Logisticas ML,ingreso,8250.0,1732.5,9982.5,True
FAC-0362,CLI-008,CampoVerde Export SA,Agroalimentario,Consultoria Internacional Recurrente,2024-03-27,Retainer March 2024 - CampoVerde Export SA,ingreso,7920.0,1663.2,9583.2,True
FAC-0363,CLI-003,CloudNet Espana SL,Tecnologia,Consultoria Internacional Recurrente,2024-03-27,Retainer March 2024 - CloudNet Espana SL,ingreso,8580.0,1801.8,10381.8,True
FAC-0364,CLI-010,Olivares del Mediterraneo,Agroalimentario,Consultoria Internacional Recurrente,2024-03-27,Retainer March 2024 - Olivares del Mediterraneo,ingreso,7150.0,1501.5,8651.5,True
FAC-0365,,,,,2024-04-04,Nominas,gasto_fijo,190720.0,0.0,190720.0,True
FAC-0366,CLI-072,Cultivos Hidroponicos SL,Agroalimentario,Plan de Promocion Internacional,2024-04-05,Plan de Promocion Internacional - Cultivos Hidroponicos SL - Factura 2/2,ingreso,12850.0,2698.5,15548.5,True
FAC-0367,,,,,2024-04-06,Traduccion y adaptacion,gasto_variable,1230.0,258.3,1488.3,True
FAC-0368,CLI-047,Sistemas Embebidos SA,Tecnologia,Plan Integral de Internacionalizacion,2024-04-06,Plan Integral de Internacionalizacion - Sistemas Embebidos SA - Factura 1/6,ingreso,18870.0,3962.7,22832.7,True
FAC-0369,,,,,2024-04-10,Software y SaaS,gasto_fijo,4630.0,972.3,5602.3,True
FAC-0370,,,,,2024-04-10,Alquiler oficina,gasto_fijo,5950.0,1249.5,7199.5,True
FAC-0371,,,,,2024-04-14,Servicios profesionales,gasto_fijo,3570.0,749.7,4319.7,True
FAC-0372,,,,,2024-04-15,Pago Fraccionado IS,gasto_trimestral,17370.0,0.0,17370.0,True
FAC-0373,,,,,2024-04-16,Marketing y publicidad,gasto_variable,10740.0,2255.4,12995.4,True
FAC-0374,,,,,2024-04-17,Suministros,gasto_fijo,1170.0,245.7,1415.7,True
FAC-0375,,,,,2024-04-19,IVA Trimestral,gasto_trimestral,28070.0,0.0,28070.0,True
FAC-0376,,,,,2024-04-20,Seguros,gasto_fijo,1640.0,344.4,1984.4,True
FAC-0377,CLI-006,AppDigital Labs,Tecnologia,Consultoria Internacional Recurrente,2024-04-25,Retainer April 2024 - AppDigital Labs,ingreso,6600.0,1386.0,7986.0,True
FAC-0378,CLI-005,CyberSecure Consulting,Tecnologia,Consultoria Internacional Recurrente,2024-04-25,Retainer April 2024 - CyberSecure Consulting,ingreso,12100.0,2541.0,14641.0,True
FAC-0379,CLI-011,Frutas y Hortalizas del Norte,Agroalimentario,Consultoria Internacional Recurrente,2024-04-25,Retainer April 2024 - Frutas y Hortalizas del Norte,ingreso,9350.0,1963.5,11313.5,True
FAC-0380,CLI-022,Soluciones Logisticas ML,Bienes Industriales,Consultoria Internacional Recurrente,2024-04-25,Retainer April 2024 - Soluciones Logisticas ML,ingreso,8250.0,1732.5,9982.5,True
FAC-0381,CLI-008,CampoVerde Export SA,Agroalimentario,Consultoria Internacional Recurrente,2024-04-25,Retainer April 2024 - CampoVerde Export SA,ingreso,7920.0,1663.2,9583.2,True
FAC-0382,CLI-026,Bodegas Solariego SA,Vinos y Bebidas,Consultoria Internacional Recurrente,2024-04-26,Retainer April 2024 - Bodegas Solariego SA,ingreso,10450.0,2194.5,12644.5,True
FAC-0383,CLI-007,BioTech Health SL,Tecnologia,Consultoria Internacional Recurrente,2024-04-26,Retainer April 2024 - BioTech Health SL,ingreso,8800.0,1848.0,10648.0,True
FAC-0384,CLI-025,Destilerias del Sur SL,Vinos y Bebidas,Consultoria Internacional Recurrente,2024-04-26,Retainer April 2024 - Destilerias del Sur SL,ingreso,8580.0,1801.8,10381.8,True
FAC-0385,CLI-013,Aceites y Olivares SL,Agroalimentario,Consultoria Internacional Recurrente,2024-04-26,Retainer April 2024 - Aceites y Olivares SL,ingreso,11000.0,2310.0,13310.0,True
FAC-0386,CLI-020,ElecTech Sistemas SL,Bienes Industriales,Consultoria Internacional Recurrente,2024-04-26,Retainer April 2024 - ElecTech Sistemas SL,ingreso,9020.0,1894.2,10914.2,True
FAC-0387,CLI-001,InnovaTech Solutions SL,Tecnologia,Consultoria Internacional Recurrente,2024-04-26,Retainer April 2024 - InnovaTech Solutions SL,ingreso,9350.0,1963.5,11313.5,True
FAC-0388,CLI-010,Olivares del Mediterraneo,Agroalimentario,Consultoria Internacional Recurrente,2024-04-26,Retainer April 2024 - Olivares del Mediterraneo,ingreso,7150.0,1501.5,8651.5,True
FAC-0389,,,,,2024-04-26,Material de oficina,gasto_fijo,820.0,172.2,992.2,True
FAC-0390,CLI-012,Conservas Artesanas SL,Agroalimentario,Consultoria Internacional Recurrente,2024-04-26,Retainer April 2024 - Conservas Artesanas SL,ingreso,6050.0,1270.5,7320.5,True
FAC-0391,CLI-027,Cervezas Artesanas Gredos,Vinos y Bebidas,Consultoria Internacional Recurrente,2024-04-27,Retainer April 2024 - Cervezas Artesanas Gredos,ingreso,5720.0,1201.2,6921.2,True
FAC-0392,CLI-015,InduSteel Components SA,Bienes Industriales,Consultoria Internacional Recurrente,2024-04-27,Retainer April 2024 - InduSteel Components SA,ingreso,13750.0,2887.5,16637.5,True
FAC-0393,CLI-018,AutoParts Iberica SA,Bienes Industriales,Consultoria Internacional Recurrente,2024-04-27,Retainer April 2024 - AutoParts Iberica SA,ingreso,11550.0,2425.5,13975.5,True
FAC-0394,CLI-014,Embotellados del Norte SL,Agroalimentario,Consultoria Internacional Recurrente,2024-04-27,Retainer April 2024 - Embotellados del Norte SL,ingreso,8250.0,1732.5,9982.5,True
FAC-0395,CLI-019,Construcciones Metalicas ML,Bienes Industriales,Consultoria Internacional Recurrente,2024-04-27,Retainer April 2024 - Construcciones Metalicas ML,ingreso,7700.0,1617.0,9317.0,True
FAC-0396,CLI-003,CloudNet Espana SL,Tecnologia,Consultoria Internacional Recurrente,2024-04-27,Retainer April 2024 - CloudNet Espana SL,ingreso,8580.0,1801.8,10381.8,True
FAC-0397,CLI-002,DataSmart Systems SA,Tecnologia,Consultoria Internacional Recurrente,2024-04-27,Retainer April 2024 - DataSmart Systems SA,ingreso,11220.0,2356.2,13576.2,True
FAC-0398,CLI-004,Nexus Software Group,Tecnologia,Consultoria Internacional Recurrente,2024-04-27,Retainer April 2024 - Nexus Software Group,ingreso,10450.0,2194.5,12644.5,True
FAC-0399,CLI-021,EnerRenovables Solar SA,Bienes Industriales,Consultoria Internacional Recurrente,2024-04-27,Retainer April 2024 - EnerRenovables Solar SA,ingreso,10780.0,2263.8,13043.8,True
FAC-0400,CLI-047,Sistemas Embebidos SA,Tecnologia,Plan Integral de Internacionalizacion,2024-05-02,Plan Integral de Internacionalizacion - Sistemas Embebidos SA - Factura 2/6,ingreso,10470.0,2198.7,12668.7,True
FAC-0401,,,,,2024-05-03,Nominas,gasto_fijo,175620.0,0.0,175620.0,True
FAC-0402,,,,,2024-05-14,Alquiler oficina,gasto_fijo,6430.0,1350.3,7780.3,True
FAC-0403,,,,,2024-05-14,Suministros,gasto_fijo,860.0,180.6,1040.6,True
FAC-0404,,,,,2024-05-20,Servicios profesionales,gasto_fijo,2530.0,531.3,3061.3,True
FAC-0405,CLI-046,Diseno y Hogar SA,Bienes de Consumo,Plan de Promocion Internacional,2024-05-22,Plan de Promocion Internacional - Diseno y Hogar SA - Factura 2/3,ingreso,2050.0,430.5,2480.5,True
FAC-0406,,,,,2024-05-23,Software y SaaS,gasto_fijo,5720.0,1201.2,6921.2,True
FAC-0407,CLI-025,Destilerias del Sur SL,Vinos y Bebidas,Consultoria Internacional Recurrente,2024-05-25,Retainer May 2024 - Destilerias del Sur SL,ingreso,8190.0,1719.9,9909.9,True
FAC-0408,CLI-024,Vinedos del Valle SL,Vinos y Bebidas,Consultoria Internacional Recurrente,2024-05-25,Retainer May 2024 - Vinedos del Valle SL,ingreso,6300.0,1323.0,7623.0,True
FAC-0409,CLI-006,AppDigital Labs,Tecnologia,Consultoria Internacional Recurrente,2024-05-25,Retainer May 2024 - AppDigital Labs,ingreso,6300.0,1323.0,7623.0,True
FAC-0410,CLI-021,EnerRenovables Solar SA,Bienes Industriales,Consultoria Internacional Recurrente,2024-05-25,Retainer May 2024 - EnerRenovables Solar SA,ingreso,10290.0,2160.9,12450.9,True
FAC-0411,CLI-019,Construcciones Metalicas ML,Bienes Industriales,Consultoria Internacional Recurrente,2024-05-25,Retainer May 2024 - Construcciones Metalicas ML,ingreso,7350.0,1543.5,8893.5,True
FAC-0412,CLI-002,DataSmart Systems SA,Tecnologia,Consultoria Internacional Recurrente,2024-05-25,Retainer May 2024 - DataSmart Systems SA,ingreso,10710.0,2249.1,12959.1,True
FAC-0413,CLI-017,TecniMaquinaria SL,Bienes Industriales,Consultoria Internacional Recurrente,2024-05-25,Retainer May 2024 - TecniMaquinaria SL,ingreso,9660.0,2028.6,11688.6,True
FAC-0414,CLI-018,AutoParts Iberica SA,Bienes Industriales,Consultoria Internacional Recurrente,2024-05-25,Retainer May 2024 - AutoParts Iberica SA,ingreso,11020.0,2314.2,13334.2,True
FAC-0415,CLI-012,Conservas Artesanas SL,Agroalimentario,Consultoria Internacional Recurrente,2024-05-25,Retainer May 2024 - Conservas Artesanas SL,ingreso,5780.0,1213.8,6993.8,True
FAC-0416,CLI-013,Aceites y Olivares SL,Agroalimentario,Consultoria Internacional Recurrente,2024-05-25,Retainer May 2024 - Aceites y Olivares SL,ingreso,10500.0,2205.0,12705.0,True
FAC-0417,CLI-022,Soluciones Logisticas ML,Bienes Industriales,Consultoria Internacional Recurrente,2024-05-25,Retainer May 2024 - Soluciones Logisticas ML,ingreso,7880.0,1654.8,9534.8,True
FAC-0418,CLI-020,ElecTech Sistemas SL,Bienes Industriales,Consultoria Internacional Recurrente,2024-05-25,Retainer May 2024 - ElecTech Sistemas SL,ingreso,8610.0,1808.1,10418.1,True
FAC-0419,CLI-027,Cervezas Artesanas Gredos,Vinos y Bebidas,Consultoria Internacional Recurrente,2024-05-26,Retainer May 2024 - Cervezas Artesanas Gredos,ingreso,5460.0,1146.6,6606.6,True
FAC-0420,CLI-005,CyberSecure Consulting,Tecnologia,Consultoria Internacional Recurrente,2024-05-26,Retainer May 2024 - CyberSecure Consulting,ingreso,11550.0,2425.5,13975.5,True
FAC-0421,CLI-003,CloudNet Espana SL,Tecnologia,Consultoria Internacional Recurrente,2024-05-26,Retainer May 2024 - CloudNet Espana SL,ingreso,8190.0,1719.9,9909.9,True
FAC-0422,CLI-001,InnovaTech Solutions SL,Tecnologia,Consultoria Internacional Recurrente,2024-05-26,Retainer May 2024 - InnovaTech Solutions SL,ingreso,8920.0,1873.2,10793.2,True
FAC-0423,CLI-004,Nexus Software Group,Tecnologia,Consultoria Internacional Recurrente,2024-05-26,Retainer May 2024 - Nexus Software Group,ingreso,9980.0,2095.8,12075.8,True
FAC-0424,CLI-010,Olivares del Mediterraneo,Agroalimentario,Consultoria Internacional Recurrente,2024-05-26,Retainer May 2024 - Olivares del Mediterraneo,ingreso,6820.0,1432.2,8252.2,True
FAC-0425,CLI-014,Embotellados del Norte SL,Agroalimentario,Consultoria Internacional Recurrente,2024-05-26,Retainer May 2024 - Embotellados del Norte SL,ingreso,7880.0,1654.8,9534.8,True
FAC-0426,CLI-015,InduSteel Components SA,Bienes Industriales,Consultoria Internacional Recurrente,2024-05-26,Retainer May 2024 - InduSteel Components SA,ingreso,13120.0,2755.2,15875.2,True
FAC-0427,CLI-011,Frutas y Hortalizas del Norte,Agroalimentario,Consultoria Internacional Recurrente,2024-05-27,Retainer May 2024 - Frutas y Hortalizas del Norte,ingreso,8920.0,1873.2,10793.2,True
FAC-0428,CLI-026,Bodegas Solariego SA,Vinos y Bebidas,Consultoria Internacional Recurrente,2024-05-27,Retainer May 2024 - Bodegas Solariego SA,ingreso,9980.0,2095.8,12075.8,True
FAC-0429,CLI-007,BioTech Health SL,Tecnologia,Consultoria Internacional Recurrente,2024-05-27,Retainer May 2024 - BioTech Health SL,ingreso,8400.0,1764.0,10164.0,True
FAC-0430,,,,,2024-05-27,Seguros,gasto_fijo,1780.0,373.8,2153.8,True
FAC-0431,CLI-028,Gourmet Seleccion Espana,Vinos y Bebidas,Consultoria Internacional Recurrente,2024-05-27,Retainer May 2024 - Gourmet Seleccion Espana,ingreso,7560.0,1587.6,9147.6,True
FAC-0432,,,,,2024-05-27,Material de oficina,gasto_fijo,890.0,186.9,1076.9,True
FAC-0433,,,,,2024-06-04,Nominas,gasto_fijo,182890.0,0.0,182890.0,True
FAC-0434,CLI-065,DataCenter Solutions SA,Tecnologia,Plan Integral de Internacionalizacion,2024-06-08,Plan Integral de Internacionalizacion - DataCenter Solutions SA - Factura 2/3,ingreso,9380.0,1969.8,11349.8,True
FAC-0435,,,,,2024-06-10,Material de oficina,gasto_fijo,770.0,161.7,931.7,True
FAC-0436,,,,,2024-06-15,Suministros,gasto_fijo,880.0,184.8,1064.8,True
FAC-0437,,,,,2024-06-17,Servicios profesionales,gasto_fijo,4440.0,932.4,5372.4,True
FAC-0438,,,,,2024-06-19,Asesoria legal local,gasto_variable,3100.0,651.0,3751.0,True
FAC-0439,,,,,2024-06-22,Software y SaaS,gasto_fijo,4360.0,915.6,5275.6,True
FAC-0440,CLI-046,Diseno y Hogar SA,Bienes de Consumo,Plan de Promocion Internacional,2024-06-23,Plan de Promocion Internacional - Diseno y Hogar SA - Factura 3/3,ingreso,11630.0,2442.3,14072.3,True
FAC-0441,CLI-020,ElecTech Sistemas SL,Bienes Industriales,Consultoria Internacional Recurrente,2024-06-25,Retainer June 2024 - ElecTech Sistemas SL,ingreso,8200.0,1722.0,9922.0,True
FAC-0442,CLI-028,Gourmet Seleccion Espana,Vinos y Bebidas,Consultoria Internacional Recurrente,2024-06-25,Retainer June 2024 - Gourmet Seleccion Espana,ingreso,7200.0,1512.0,8712.0,True
FAC-0443,CLI-019,Construcciones Metalicas ML,Bienes Industriales,Consultoria Internacional Recurrente,2024-06-25,Retainer June 2024 - Construcciones Metalicas ML,ingreso,7000.0,1470.0,8470.0,True
FAC-0444,CLI-006,AppDigital Labs,Tecnologia,Consultoria Internacional Recurrente,2024-06-25,Retainer June 2024 - AppDigital Labs,ingreso,6000.0,1260.0,7260.0,True
FAC-0445,CLI-005,CyberSecure Consulting,Tecnologia,Consultoria Internacional Recurrente,2024-06-25,Retainer June 2024 - CyberSecure Consulting,ingreso,11000.0,2310.0,13310.0,True
FAC-0446,CLI-017,TecniMaquinaria SL,Bienes Industriales,Consultoria Internacional Recurrente,2024-06-25,Retainer June 2024 - TecniMaquinaria SL,ingreso,9200.0,1932.0,11132.0,True
FAC-0447,CLI-012,Conservas Artesanas SL,Agroalimentario,Consultoria Internacional Recurrente,2024-06-25,Retainer June 2024 - Conservas Artesanas SL,ingreso,5500.0,1155.0,6655.0,True
FAC-0448,CLI-011,Frutas y Hortalizas del Norte,Agroalimentario,Consultoria Internacional Recurrente,2024-06-25,Retainer June 2024 - Frutas y Hortalizas del Norte,ingreso,8500.0,1785.0,10285.0,True
FAC-0449,CLI-027,Cervezas Artesanas Gredos,Vinos y Bebidas,Consultoria Internacional Recurrente,2024-06-25,Retainer June 2024 - Cervezas Artesanas Gredos,ingreso,5200.0,1092.0,6292.0,True
FAC-0450,CLI-013,Aceites y Olivares SL,Agroalimentario,Consultoria Internacional Recurrente,2024-06-26,Retainer June 2024 - Aceites y Olivares SL,ingreso,10000.0,2100.0,12100.0,True
FAC-0451,CLI-022,Soluciones Logisticas ML,Bienes Industriales,Consultoria Internacional Recurrente,2024-06-26,Retainer June 2024 - Soluciones Logisticas ML,ingreso,7500.0,1575.0,9075.0,True
FAC-0452,CLI-015,InduSteel Components SA,Bienes Industriales,Consultoria Internacional Recurrente,2024-06-26,Retainer June 2024 - InduSteel Components SA,ingreso,12500.0,2625.0,15125.0,True
FAC-0453,CLI-024,Vinedos del Valle SL,Vinos y Bebidas,Consultoria Internacional Recurrente,2024-06-26,Retainer June 2024 - Vinedos del Valle SL,ingreso,6000.0,1260.0,7260.0,True
FAC-0454,CLI-014,Embotellados del Norte SL,Agroalimentario,Consultoria Internacional Recurrente,2024-06-26,Retainer June 2024 - Embotellados del Norte SL,ingreso,7500.0,1575.0,9075.0,True
FAC-0455,CLI-021,EnerRenovables Solar SA,Bienes Industriales,Consultoria Internacional Recurrente,2024-06-26,Retainer June 2024 - EnerRenovables Solar SA,ingreso,9800.0,2058.0,11858.0,True
FAC-0456,CLI-023,Bodegas Montealto SA,Vinos y Bebidas,Consultoria Internacional Recurrente,2024-06-26,Retainer June 2024 - Bodegas Montealto SA,ingreso,8000.0,1680.0,9680.0,True
FAC-0457,CLI-001,InnovaTech Solutions SL,Tecnologia,Consultoria Internacional Recurrente,2024-06-26,Retainer June 2024 - InnovaTech Solutions SL,ingreso,8500.0,1785.0,10285.0,True
FAC-0458,CLI-010,Olivares del Mediterraneo,Agroalimentario,Consultoria Internacional Recurrente,2024-06-26,Retainer June 2024 - Olivares del Mediterraneo,ingreso,6500.0,1365.0,7865.0,True
FAC-0459,CLI-026,Bodegas Solariego SA,Vinos y Bebidas,Consultoria Internacional Recurrente,2024-06-27,Retainer June 2024 - Bodegas Solariego SA,ingreso,9500.0,1995.0,11495.0,True
FAC-0460,,,,,2024-06-27,Seguros,gasto_fijo,1320.0,277.2,1597.2,True
FAC-0461,CLI-016,Mecanica Precision SL,Bienes Industriales,Consultoria Internacional Recurrente,2024-06-27,Retainer June 2024 - Mecanica Precision SL,ingreso,8800.0,1848.0,10648.0,True
FAC-0462,CLI-002,DataSmart Systems SA,Tecnologia,Consultoria Internacional Recurrente,2024-06-27,Retainer June 2024 - DataSmart Systems SA,ingreso,10200.0,2142.0,12342.0,True
FAC-0463,CLI-018,AutoParts Iberica SA,Bienes Industriales,Consultoria Internacional Recurrente,2024-06-27,Retainer June 2024 - AutoParts Iberica SA,ingreso,10500.0,2205.0,12705.0,True
FAC-0464,CLI-003,CloudNet Espana SL,Tecnologia,Consultoria Internacional Recurrente,2024-06-27,Retainer June 2024 - CloudNet Espana SL,ingreso,7800.0,1638.0,9438.0,True
FAC-0465,CLI-004,Nexus Software Group,Tecnologia,Consultoria Internacional Recurrente,2024-06-27,Retainer June 2024 - Nexus Software Group,ingreso,9500.0,1995.0,11495.0,True
FAC-0466,CLI-007,BioTech Health SL,Tecnologia,Consultoria Internacional Recurrente,2024-06-27,Retainer June 2024 - BioTech Health SL,ingreso,8000.0,1680.0,9680.0,True
FAC-0467,CLI-025,Destilerias del Sur SL,Vinos y Bebidas,Consultoria Internacional Recurrente,2024-06-27,Retainer June 2024 - Destilerias del Sur SL,ingreso,7800.0,1638.0,9438.0,True
FAC-0468,,,,,2024-06-27,Alquiler oficina,gasto_fijo,5840.0,1226.4,7066.4,True
FAC-0469,,,,,2024-07-02,Nominas,gasto_fijo,186540.0,0.0,186540.0,True
FAC-0470,CLI-051,Hoteles con Encanto SL,Turismo,Plan de Promocion Internacional,2024-07-06,Plan de Promocion Internacional - Hoteles con Encanto SL - Factura 1/3,ingreso,6350.0,1333.5,7683.5,True
FAC-0471,CLI-047,Sistemas Embebidos SA,Tecnologia,Plan Integral de Internacionalizacion,2024-07-07,Plan Integral de Internacionalizacion - Sistemas Embebidos SA - Factura 3/6,ingreso,3590.0,753.9,4343.9,True
FAC-0472,,,,,2024-07-09,Asesoria legal local,gasto_variable,1490.0,312.9,1802.9,True
FAC-0473,CLI-055,Equipos Industriales ML,Bienes Industriales,Plan de Promocion Internacional,2024-07-12,Plan de Promocion Internacional - Equipos Industriales ML - Factura 2/3,ingreso,3640.0,764.4,4404.4,True
FAC-0474,,,,,2024-07-13,Material de oficina,gasto_fijo,740.0,155.4,895.4,True
FAC-0475,,,,,2024-07-16,IVA Trimestral,gasto_trimestral,39430.0,0.0,39430.0,True
FAC-0476,,,,,2024-07-17,Software y SaaS,gasto_fijo,6160.0,1293.6,7453.6,True
FAC-0477,,,,,2024-07-17,Servicios profesionales,gasto_fijo,4090.0,858.9,4948.9,True
FAC-0478,,,,,2024-07-20,Alquiler oficina,gasto_fijo,6180.0,1297.8,7477.8,True
FAC-0479,CLI-055,Equipos Industriales ML,Bienes Industriales,Plan de Promocion Internacional,2024-07-23,Plan de Promocion Internacional - Equipos Industriales ML - Factura 1/3,ingreso,9280.0,1948.8,11228.8,True
FAC-0480,CLI-003,CloudNet Espana SL,Tecnologia,Consultoria Internacional Recurrente,2024-07-25,Retainer July 2024 - CloudNet Espana SL,ingreso,7020.0,1474.2,8494.2,True
FAC-0481,CLI-012,Conservas Artesanas SL,Agroalimentario,Consultoria Internacional Recurrente,2024-07-25,Retainer July 2024 - Conservas Artesanas SL,ingreso,4950.0,1039.5,5989.5,True
FAC-0482,CLI-021,EnerRenovables Solar SA,Bienes Industriales,Consultoria Internacional Recurrente,2024-07-25,Retainer July 2024 - EnerRenovables Solar SA,ingreso,8820.0,1852.2,10672.2,True
FAC-0483,CLI-025,Destilerias del Sur SL,Vinos y Bebidas,Consultoria Internacional Recurrente,2024-07-25,Retainer July 2024 - Destilerias del Sur SL,ingreso,7020.0,1474.2,8494.2,True
FAC-0484,CLI-020,ElecTech Sistemas SL,Bienes Industriales,Consultoria Internacional Recurrente,2024-07-25,Retainer July 2024 - ElecTech Sistemas SL,ingreso,7380.0,1549.8,8929.8,True
FAC-0485,CLI-017,TecniMaquinaria SL,Bienes Industriales,Consultoria Internacional Recurrente,2024-07-25,Retainer July 2024 - TecniMaquinaria SL,ingreso,8280.0,1738.8,10018.8,True
FAC-0486,CLI-030,HotelSun International SA,Turismo,Consultoria Internacional Recurrente,2024-07-25,Retainer July 2024 - HotelSun International SA,ingreso,10800.0,2268.0,13068.0,True
FAC-0487,CLI-005,CyberSecure Consulting,Tecnologia,Consultoria Internacional Recurrente,2024-07-25,Retainer July 2024 - CyberSecure Consulting,ingreso,9900.0,2079.0,11979.0,True
FAC-0488,CLI-018,AutoParts Iberica SA,Bienes Industriales,Consultoria Internacional Recurrente,2024-07-25,Retainer July 2024 - AutoParts Iberica SA,ingreso,9450.0,1984.5,11434.5,True
FAC-0489,CLI-038,Calzado Artesano Export SL,Bienes de Consumo,Consultoria Internacional Recurrente,2024-07-25,Retainer July 2024 - Calzado Artesano Export SL,ingreso,5400.0,1134.0,6534.0,True
FAC-0490,CLI-013,Aceites y Olivares SL,Agroalimentario,Consultoria Internacional Recurrente,2024-07-26,Retainer July 2024 - Aceites y Olivares SL,ingreso,9000.0,1890.0,10890.0,True
FAC-0491,,,,,2024-07-26,Seguros,gasto_fijo,1220.0,256.2,1476.2,True
FAC-0492,CLI-014,Embotellados del Norte SL,Agroalimentario,Consultoria Internacional Recurrente,2024-07-26,Retainer July 2024 - Embotellados del Norte SL,ingreso,6750.0,1417.5,8167.5,True
FAC-0493,CLI-027,Cervezas Artesanas Gredos,Vinos y Bebidas,Consultoria Internacional Recurrente,2024-07-26,Retainer July 2024 - Cervezas Artesanas Gredos,ingreso,4680.0,982.8,5662.8,True
FAC-0494,CLI-022,Soluciones Logisticas ML,Bienes Industriales,Consultoria Internacional Recurrente,2024-07-26,Retainer July 2024 - Soluciones Logisticas ML,ingreso,6750.0,1417.5,8167.5,True
FAC-0495,CLI-026,Bodegas Solariego SA,Vinos y Bebidas,Consultoria Internacional Recurrente,2024-07-26,Retainer July 2024 - Bodegas Solariego SA,ingreso,8550.0,1795.5,10345.5,True
FAC-0496,CLI-019,Construcciones Metalicas ML,Bienes Industriales,Consultoria Internacional Recurrente,2024-07-26,Retainer July 2024 - Construcciones Metalicas ML,ingreso,6300.0,1323.0,7623.0,True
FAC-0497,CLI-001,InnovaTech Solutions SL,Tecnologia,Consultoria Internacional Recurrente,2024-07-26,Retainer July 2024 - InnovaTech Solutions SL,ingreso,7650.0,1606.5,9256.5,True
FAC-0498,CLI-010,Olivares del Mediterraneo,Agroalimentario,Consultoria Internacional Recurrente,2024-07-26,Retainer July 2024 - Olivares del Mediterraneo,ingreso,5850.0,1228.5,7078.5,True
FAC-0499,CLI-032,Viajes y Negocios Globales,Turismo,Consultoria Internacional Recurrente,2024-07-26,Retainer July 2024 - Viajes y Negocios Globales,ingreso,7650.0,1606.5,9256.5,True
FAC-0500,CLI-016,Mecanica Precision SL,Bienes Industriales,Consultoria Internacional Recurrente,2024-07-26,Retainer July 2024 - Mecanica Precision SL,ingreso,7920.0,1663.2,9583.2,True
FAC-0501,CLI-002,DataSmart Systems SA,Tecnologia,Consultoria Internacional Recurrente,2024-07-27,Retainer July 2024 - DataSmart Systems SA,ingreso,9180.0,1927.8,11107.8,True
FAC-0502,CLI-015,InduSteel Components SA,Bienes Industriales,Consultoria Internacional Recurrente,2024-07-27,Retainer July 2024 - InduSteel Components SA,ingreso,11250.0,2362.5,13612.5,True
FAC-0503,,,,,2024-07-27,Suministros,gasto_fijo,950.0,199.5,1149.5,True
FAC-0504,CLI-028,Gourmet Seleccion Espana,Vinos y Bebidas,Consultoria Internacional Recurrente,2024-07-27,Retainer July 2024 - Gourmet Seleccion Espana,ingreso,6480.0,1360.8,7840.8,True
FAC-0505,CLI-024,Vinedos del Valle SL,Vinos y Bebidas,Consultoria Internacional Recurrente,2024-07-27,Retainer July 2024 - Vinedos del Valle SL,ingreso,5400.0,1134.0,6534.0,True
FAC-0506,CLI-023,Bodegas Montealto SA,Vinos y Bebidas,Consultoria Internacional Recurrente,2024-07-27,Retainer July 2024 - Bodegas Montealto SA,ingreso,7200.0,1512.0,8712.0,True
FAC-0507,CLI-011,Frutas y Hortalizas del Norte,Agroalimentario,Consultoria Internacional Recurrente,2024-07-27,Retainer July 2024 - Frutas y Hortalizas del Norte,ingreso,7650.0,1606.5,9256.5,True
FAC-0508,CLI-004,Nexus Software Group,Tecnologia,Consultoria Internacional Recurrente,2024-07-27,Retainer July 2024 - Nexus Software Group,ingreso,8550.0,1795.5,10345.5,True
FAC-0509,CLI-007,BioTech Health SL,Tecnologia,Consultoria Internacional Recurrente,2024-07-27,Retainer July 2024 - BioTech Health SL,ingreso,7200.0,1512.0,8712.0,True
FAC-0510,CLI-006,AppDigital Labs,Tecnologia,Consultoria Internacional Recurrente,2024-07-27,Retainer July 2024 - AppDigital Labs,ingreso,5400.0,1134.0,6534.0,True
FAC-0511,,,,,2024-08-02,Nominas,gasto_fijo,185120.0,0.0,185120.0,True
FAC-0512,CLI-049,Componentes del Valles SL,Bienes Industriales,Mision Comercial,2024-08-07,Mision Comercial - Componentes del Valles SL - Factura 1/1,ingreso,29600.0,6216.0,35816.0,True
FAC-0513,,,,,2024-08-15,Servicios profesionales,gasto_fijo,3150.0,661.5,3811.5,True
FAC-0514,,,,,2024-08-15,Material de oficina,gasto_fijo,620.0,130.2,750.2,True
FAC-0515,,,,,2024-08-18,Alquiler oficina,gasto_fijo,6370.0,1337.7,7707.7,True
FAC-0516,CLI-047,Sistemas Embebidos SA,Tecnologia,Plan Integral de Internacionalizacion,2024-08-18,Plan Integral de Internacionalizacion - Sistemas Embebidos SA - Factura 4/6,ingreso,5200.0,1092.0,6292.0,True
FAC-0517,CLI-051,Hoteles con Encanto SL,Turismo,Plan de Promocion Internacional,2024-08-19,Plan de Promocion Internacional - Hoteles con Encanto SL - Factura 2/3,ingreso,4410.0,926.1,5336.1,True
FAC-0518,,,,,2024-08-20,Seguros,gasto_fijo,1730.0,363.3,2093.3,True
FAC-0519,CLI-055,Equipos Industriales ML,Bienes Industriales,Plan de Promocion Internacional,2024-08-20,Plan de Promocion Internacional - Equipos Industriales ML - Factura 3/3,ingreso,13780.0,2893.8,16673.8,True
FAC-0520,,,,,2024-08-22,Software y SaaS,gasto_fijo,4720.0,991.2,5711.2,True
FAC-0521,CLI-033,Eventos Corporativos Espana,Turismo,Consultoria Internacional Recurrente,2024-08-25,Retainer August 2024 - Eventos Corporativos Espana,ingreso,3900.0,819.0,4719.0,True
FAC-0522,,,,,2024-08-25,Suministros,gasto_fijo,1250.0,262.5,1512.5,True
FAC-0523,CLI-017,TecniMaquinaria SL,Bienes Industriales,Consultoria Internacional Recurrente,2024-08-25,Retainer August 2024 - TecniMaquinaria SL,ingreso,5520.0,1159.2,6679.2,True
FAC-0524,CLI-002,DataSmart Systems SA,Tecnologia,Consultoria Internacional Recurrente,2024-08-25,Retainer August 2024 - DataSmart Systems SA,ingreso,6120.0,1285.2,7405.2,True
FAC-0525,CLI-027,Cervezas Artesanas Gredos,Vinos y Bebidas,Consultoria Internacional Recurrente,2024-08-25,Retainer August 2024 - Cervezas Artesanas Gredos,ingreso,3120.0,655.2,3775.2,True
FAC-0526,CLI-001,InnovaTech Solutions SL,Tecnologia,Consultoria Internacional Recurrente,2024-08-25,Retainer August 2024 - InnovaTech Solutions SL,ingreso,5100.0,1071.0,6171.0,True
FAC-0527,CLI-023,Bodegas Montealto SA,Vinos y Bebidas,Consultoria Internacional Recurrente,2024-08-25,Retainer August 2024 - Bodegas Montealto SA,ingreso,4800.0,1008.0,5808.0,True
FAC-0528,CLI-032,Viajes y Negocios Globales,Turismo,Consultoria Internacional Recurrente,2024-08-25,Retainer August 2024 - Viajes y Negocios Globales,ingreso,5100.0,1071.0,6171.0,True
FAC-0529,CLI-014,Embotellados del Norte SL,Agroalimentario,Consultoria Internacional Recurrente,2024-08-25,Retainer August 2024 - Embotellados del Norte SL,ingreso,4500.0,945.0,5445.0,True
FAC-0530,CLI-004,Nexus Software Group,Tecnologia,Consultoria Internacional Recurrente,2024-08-25,Retainer August 2024 - Nexus Software Group,ingreso,5700.0,1197.0,6897.0,True
FAC-0531,CLI-026,Bodegas Solariego SA,Vinos y Bebidas,Consultoria Internacional Recurrente,2024-08-25,Retainer August 2024 - Bodegas Solariego SA,ingreso,5700.0,1197.0,6897.0,True
FAC-0532,CLI-006,AppDigital Labs,Tecnologia,Consultoria Internacional Recurrente,2024-08-25,Retainer August 2024 - AppDigital Labs,ingreso,3600.0,756.0,4356.0,True
FAC-0533,CLI-025,Destilerias del Sur SL,Vinos y Bebidas,Consultoria Internacional Recurrente,2024-08-25,Retainer August 2024 - Destilerias del Sur SL,ingreso,4680.0,982.8,5662.8,True
FAC-0534,CLI-010,Olivares del Mediterraneo,Agroalimentario,Consultoria Internacional Recurrente,2024-08-26,Retainer August 2024 - Olivares del Mediterraneo,ingreso,3900.0,819.0,4719.0,True
FAC-0535,CLI-018,AutoParts Iberica SA,Bienes Industriales,Consultoria Internacional Recurrente,2024-08-26,Retainer August 2024 - AutoParts Iberica SA,ingreso,6300.0,1323.0,7623.0,True
FAC-0536,CLI-003,CloudNet Espana SL,Tecnologia,Consultoria Internacional Recurrente,2024-08-26,Retainer August 2024 - CloudNet Espana SL,ingreso,4680.0,982.8,5662.8,True
FAC-0537,CLI-011,Frutas y Hortalizas del Norte,Agroalimentario,Consultoria Internacional Recurrente,2024-08-26,Retainer August 2024 - Frutas y Hortalizas del Norte,ingreso,5100.0,1071.0,6171.0,True
FAC-0538,CLI-020,ElecTech Sistemas SL,Bienes Industriales,Consultoria Internacional Recurrente,2024-08-26,Retainer August 2024 - ElecTech Sistemas SL,ingreso,4920.0,1033.2,5953.2,True
FAC-0539,CLI-015,InduSteel Components SA,Bienes Industriales,Consultoria Internacional Recurrente,2024-08-26,Retainer August 2024 - InduSteel Components SA,ingreso,7500.0,1575.0,9075.0,True
FAC-0540,CLI-005,CyberSecure Consulting,Tecnologia,Consultoria Internacional Recurrente,2024-08-26,Retainer August 2024 - CyberSecure Consulting,ingreso,6600.0,1386.0,7986.0,True
FAC-0541,CLI-016,Mecanica Precision SL,Bienes Industriales,Consultoria Internacional Recurrente,2024-08-26,Retainer August 2024 - Mecanica Precision SL,ingreso,5280.0,1108.8,6388.8,True
FAC-0542,CLI-019,Construcciones Metalicas ML,Bienes Industriales,Consultoria Internacional Recurrente,2024-08-26,Retainer August 2024 - Construcciones Metalicas ML,ingreso,4200.0,882.0,5082.0,True
FAC-0543,CLI-022,Soluciones Logisticas ML,Bienes Industriales,Consultoria Internacional Recurrente,2024-08-27,Retainer August 2024 - Soluciones Logisticas ML,ingreso,4500.0,945.0,5445.0,True
FAC-0544,CLI-021,EnerRenovables Solar SA,Bienes Industriales,Consultoria Internacional Recurrente,2024-08-27,Retainer August 2024 - EnerRenovables Solar SA,ingreso,5880.0,1234.8,7114.8,True
FAC-0545,CLI-030,HotelSun International SA,Turismo,Consultoria Internacional Recurrente,2024-08-27,Retainer August 2024 - HotelSun International SA,ingreso,7200.0,1512.0,8712.0,True
FAC-0546,CLI-038,Calzado Artesano Export SL,Bienes de Consumo,Consultoria Internacional Recurrente,2024-08-27,Retainer August 2024 - Calzado Artesano Export SL,ingreso,3600.0,756.0,4356.0,True
FAC-0547,CLI-024,Vinedos del Valle SL,Vinos y Bebidas,Consultoria Internacional Recurrente,2024-08-27,Retainer August 2024 - Vinedos del Valle SL,ingreso,3600.0,756.0,4356.0,True
FAC-0548,CLI-028,Gourmet Seleccion Espana,Vinos y Bebidas,Consultoria Internacional Recurrente,2024-08-27,Retainer August 2024 - Gourmet Seleccion Espana,ingreso,4320.0,907.2,5227.2,True
FAC-0549,CLI-013,Aceites y Olivares SL,Agroalimentario,Consultoria Internacional Recurrente,2024-08-27,Retainer August 2024 - Aceites y Olivares SL,ingreso,6000.0,1260.0,7260.0,True
FAC-0550,CLI-007,BioTech Health SL,Tecnologia,Consultoria Internacional Recurrente,2024-08-27,Retainer August 2024 - BioTech Health SL,ingreso,4800.0,1008.0,5808.0,True
FAC-0551,CLI-012,Conservas Artesanas SL,Agroalimentario,Consultoria Internacional Recurrente,2024-08-27,Retainer August 2024 - Conservas Artesanas SL,ingreso,3300.0,693.0,3993.0,True
FAC-0552,,,,,2024-09-01,Nominas,gasto_fijo,189950.0,0.0,189950.0,True
FAC-0553,CLI-051,Hoteles con Encanto SL,Turismo,Plan de Promocion Internacional,2024-09-04,Plan de Promocion Internacional - Hoteles con Encanto SL - Factura 3/3,ingreso,13640.0,2864.4,16504.4,True
FAC-0554,,,,,2024-09-10,Servicios profesionales,gasto_fijo,2980.0,625.8,3605.8,True
FAC-0555,,,,,2024-09-16,Seguros,gasto_fijo,1540.0,323.4,1863.4,True
FAC-0556,,,,,2024-09-16,Suministros,gasto_fijo,800.0,168.0,968.0,True
FAC-0557,,,,,2024-09-18,Marketing y publicidad,gasto_variable,3740.0,785.4,4525.4,True
FAC-0558,,,,,2024-09-22,Alquiler oficina,gasto_fijo,6320.0,1327.2,7647.2,True
FAC-0559,,,,,2024-09-24,Software y SaaS,gasto_fijo,5580.0,1171.8,6751.8,True
FAC-0560,CLI-032,Viajes y Negocios Globales,Turismo,Consultoria Internacional Recurrente,2024-09-25,Retainer September 2024 - Viajes y Negocios Globales,ingreso,9350.0,1963.5,11313.5,True
FAC-0561,CLI-016,Mecanica Precision SL,Bienes Industriales,Consultoria Internacional Recurrente,2024-09-25,Retainer September 2024 - Mecanica Precision SL,ingreso,9680.0,2032.8,11712.8,True
FAC-0562,CLI-021,EnerRenovables Solar SA,Bienes Industriales,Consultoria Internacional Recurrente,2024-09-25,Retainer September 2024 - EnerRenovables Solar SA,ingreso,10780.0,2263.8,13043.8,True
FAC-0563,CLI-010,Olivares del Mediterraneo,Agroalimentario,Consultoria Internacional Recurrente,2024-09-25,Retainer September 2024 - Olivares del Mediterraneo,ingreso,7150.0,1501.5,8651.5,True
FAC-0564,CLI-011,Frutas y Hortalizas del Norte,Agroalimentario,Consultoria Internacional Recurrente,2024-09-25,Retainer September 2024 - Frutas y Hortalizas del Norte,ingreso,9350.0,1963.5,11313.5,True
FAC-0565,CLI-007,BioTech Health SL,Tecnologia,Consultoria Internacional Recurrente,2024-09-25,Retainer September 2024 - BioTech Health SL,ingreso,8800.0,1848.0,10648.0,True
FAC-0566,CLI-015,InduSteel Components SA,Bienes Industriales,Consultoria Internacional Recurrente,2024-09-25,Retainer September 2024 - InduSteel Components SA,ingreso,13750.0,2887.5,16637.5,True
FAC-0567,CLI-030,HotelSun International SA,Turismo,Consultoria Internacional Recurrente,2024-09-25,Retainer September 2024 - HotelSun International SA,ingreso,13200.0,2772.0,15972.0,True
FAC-0568,CLI-065,DataCenter Solutions SA,Tecnologia,Plan Integral de Internacionalizacion,2024-09-25,Plan Integral de Internacionalizacion - DataCenter Solutions SA - Factura 3/3,ingreso,21100.0,4431.0,25531.0,True
FAC-0569,CLI-003,CloudNet Espana SL,Tecnologia,Consultoria Internacional Recurrente,2024-09-25,Retainer September 2024 - CloudNet Espana SL,ingreso,8580.0,1801.8,10381.8,True
FAC-0570,CLI-002,DataSmart Systems SA,Tecnologia,Consultoria Internacional Recurrente,2024-09-25,Retainer September 2024 - DataSmart Systems SA,ingreso,11220.0,2356.2,13576.2,True
FAC-0571,CLI-018,AutoParts Iberica SA,Bienes Industriales,Consultoria Internacional Recurrente,2024-09-25,Retainer September 2024 - AutoParts Iberica SA,ingreso,11550.0,2425.5,13975.5,True
FAC-0572,CLI-024,Vinedos del Valle SL,Vinos y Bebidas,Consultoria Internacional Recurrente,2024-09-25,Retainer September 2024 - Vinedos del Valle SL,ingreso,6600.0,1386.0,7986.0,True
FAC-0573,CLI-038,Calzado Artesano Export SL,Bienes de Consumo,Consultoria Internacional Recurrente,2024-09-25,Retainer September 2024 - Calzado Artesano Export SL,ingreso,6600.0,1386.0,7986.0,True
FAC-0574,CLI-014,Embotellados del Norte SL,Agroalimentario,Consultoria Internacional Recurrente,2024-09-25,Retainer September 2024 - Embotellados del Norte SL,ingreso,8250.0,1732.5,9982.5,True
FAC-0575,CLI-026,Bodegas Solariego SA,Vinos y Bebidas,Consultoria Internacional Recurrente,2024-09-26,Retainer September 2024 - Bodegas Solariego SA,ingreso,10450.0,2194.5,12644.5,True
FAC-0576,CLI-012,Conservas Artesanas SL,Agroalimentario,Consultoria Internacional Recurrente,2024-09-26,Retainer September 2024 - Conservas Artesanas SL,ingreso,6050.0,1270.5,7320.5,True
FAC-0577,CLI-033,Eventos Corporativos Espana,Turismo,Consultoria Internacional Recurrente,2024-09-26,Retainer September 2024 - Eventos Corporativos Espana,ingreso,7150.0,1501.5,8651.5,True
FAC-0578,CLI-023,Bodegas Montealto SA,Vinos y Bebidas,Consultoria Internacional Recurrente,2024-09-26,Retainer September 2024 - Bodegas Montealto SA,ingreso,8800.0,1848.0,10648.0,True
FAC-0579,CLI-006,AppDigital Labs,Tecnologia,Consultoria Internacional Recurrente,2024-09-26,Retainer September 2024 - AppDigital Labs,ingreso,6600.0,1386.0,7986.0,True
FAC-0580,CLI-005,CyberSecure Consulting,Tecnologia,Consultoria Internacional Recurrente,2024-09-26,Retainer September 2024 - CyberSecure Consulting,ingreso,12100.0,2541.0,14641.0,True
FAC-0581,CLI-017,TecniMaquinaria SL,Bienes Industriales,Consultoria Internacional Recurrente,2024-09-26,Retainer September 2024 - TecniMaquinaria SL,ingreso,10120.0,2125.2,12245.2,True
FAC-0582,CLI-074,Licores y Destilados SL,Vinos y Bebidas,Plan Integral de Internacionalizacion,2024-09-26,Plan Integral de Internacionalizacion - Licores y Destilados SL - Factura 1/4,ingreso,4220.0,886.2,5106.2,True
FAC-0583,CLI-025,Destilerias del Sur SL,Vinos y Bebidas,Consultoria Internacional Recurrente,2024-09-26,Retainer September 2024 - Destilerias del Sur SL,ingreso,8580.0,1801.8,10381.8,True
FAC-0584,,,,,2024-09-26,Material de oficina,gasto_fijo,620.0,130.2,750.2,True
FAC-0585,CLI-013,Aceites y Olivares SL,Agroalimentario,Consultoria Internacional Recurrente,2024-09-26,Retainer September 2024 - Aceites y Olivares SL,ingreso,11000.0,2310.0,13310.0,True
FAC-0586,CLI-004,Nexus Software Group,Tecnologia,Consultoria Internacional Recurrente,2024-09-27,Retainer September 2024 - Nexus Software Group,ingreso,10450.0,2194.5,12644.5,True
FAC-0587,CLI-028,Gourmet Seleccion Espana,Vinos y Bebidas,Consultoria Internacional Recurrente,2024-09-27,Retainer September 2024 - Gourmet Seleccion Espana,ingreso,7920.0,1663.2,9583.2,True
FAC-0588,CLI-039,Iluminacion Decorativa SL,Bienes de Consumo,Consultoria Internacional Recurrente,2024-09-27,Retainer September 2024 - Iluminacion Decorativa SL,ingreso,9350.0,1963.5,11313.5,True
FAC-0589,CLI-034,ModaExport Iberica SL,Bienes de Consumo,Consultoria Internacional Recurrente,2024-09-27,Retainer September 2024 - ModaExport Iberica SL,ingreso,9900.0,2079.0,11979.0,True
FAC-0590,CLI-022,Soluciones Logisticas ML,Bienes Industriales,Consultoria Internacional Recurrente,2024-09-27,Retainer September 2024 - Soluciones Logisticas ML,ingreso,8250.0,1732.5,9982.5,True
FAC-0591,CLI-027,Cervezas Artesanas Gredos,Vinos y Bebidas,Consultoria Internacional Recurrente,2024-09-27,Retainer September 2024 - Cervezas Artesanas Gredos,ingreso,5720.0,1201.2,6921.2,True
FAC-0592,CLI-019,Construcciones Metalicas ML,Bienes Industriales,Consultoria Internacional Recurrente,2024-09-27,Retainer September 2024 - Construcciones Metalicas ML,ingreso,7700.0,1617.0,9317.0,True
FAC-0593,CLI-020,ElecTech Sistemas SL,Bienes Industriales,Consultoria Internacional Recurrente,2024-09-27,Retainer September 2024 - ElecTech Sistemas SL,ingreso,9020.0,1894.2,10914.2,True
FAC-0594,,,,,2024-10-02,Nominas,gasto_fijo,185490.0,0.0,185490.0,True
FAC-0595,CLI-061,Talleres Mecanicos del Sur,Bienes Industriales,Campana de Marketing Internacional,2024-10-02,Campana de Marketing Internacional - Talleres Mecanicos del Sur - Factura 1/3,ingreso,2160.0,453.6,2613.6,True
FAC-0596,,,,,2024-10-10,Marketing y publicidad,gasto_variable,9740.0,2045.4,11785.4,True
FAC-0597,,,,,2024-10-15,Software y SaaS,gasto_fijo,6290.0,1320.9,7610.9,True
FAC-0598,,,,,2024-10-17,Suministros,gasto_fijo,1110.0,233.1,1343.1,True
FAC-0599,,,,,2024-10-19,IVA Trimestral,gasto_trimestral,42890.0,0.0,42890.0,True
FAC-0600,,,,,2024-10-21,Pago Fraccionado IS,gasto_trimestral,9960.0,0.0,9960.0,True
FAC-0601,,,,,2024-10-21,Seguros,gasto_fijo,1290.0,270.9,1560.9,True
FAC-0602,,,,,2024-10-21,Material de oficina,gasto_fijo,640.0,134.4,774.4,True
FAC-0603,CLI-061,Talleres Mecanicos del Sur,Bienes Industriales,Campana de Marketing Internacional,2024-10-23,Campana de Marketing Internacional - Talleres Mecanicos del Sur - Factura 2/3,ingreso,2490.0,522.9,3012.9,True
FAC-0604,,,,,2024-10-23,Alquiler oficina,gasto_fijo,6000.0,1260.0,7260.0,True
FAC-0605,CLI-020,ElecTech Sistemas SL,Bienes Industriales,Consultoria Internacional Recurrente,2024-10-25,Retainer October 2024 - ElecTech Sistemas SL,ingreso,9020.0,1894.2,10914.2,True
FAC-0606,CLI-015,InduSteel Components SA,Bienes Industriales,Consultoria Internacional Recurrente,2024-10-25,Retainer October 2024 - InduSteel Components SA,ingreso,13750.0,2887.5,16637.5,True
FAC-0607,CLI-033,Eventos Corporativos Espana,Turismo,Consultoria Internacional Recurrente,2024-10-25,Retainer October 2024 - Eventos Corporativos Espana,ingreso,7150.0,1501.5,8651.5,True
FAC-0608,CLI-004,Nexus Software Group,Tecnologia,Consultoria Internacional Recurrente,2024-10-25,Retainer October 2024 - Nexus Software Group,ingreso,10450.0,2194.5,12644.5,True
FAC-0609,CLI-017,TecniMaquinaria SL,Bienes Industriales,Consultoria Internacional Recurrente,2024-10-25,Retainer October 2024 - TecniMaquinaria SL,ingreso,10120.0,2125.2,12245.2,True
FAC-0610,CLI-003,CloudNet Espana SL,Tecnologia,Consultoria Internacional Recurrente,2024-10-25,Retainer October 2024 - CloudNet Espana SL,ingreso,8580.0,1801.8,10381.8,True
FAC-0611,CLI-007,BioTech Health SL,Tecnologia,Consultoria Internacional Recurrente,2024-10-25,Retainer October 2024 - BioTech Health SL,ingreso,8800.0,1848.0,10648.0,True
FAC-0612,CLI-032,Viajes y Negocios Globales,Turismo,Consultoria Internacional Recurrente,2024-10-25,Retainer October 2024 - Viajes y Negocios Globales,ingreso,9350.0,1963.5,11313.5,True
FAC-0613,CLI-025,Destilerias del Sur SL,Vinos y Bebidas,Consultoria Internacional Recurrente,2024-10-25,Retainer October 2024 - Destilerias del Sur SL,ingreso,8580.0,1801.8,10381.8,True
FAC-0614,CLI-022,Soluciones Logisticas ML,Bienes Industriales,Consultoria Internacional Recurrente,2024-10-25,Retainer October 2024 - Soluciones Logisticas ML,ingreso,8250.0,1732.5,9982.5,True
FAC-0615,CLI-026,Bodegas Solariego SA,Vinos y Bebidas,Consultoria Internacional Recurrente,2024-10-25,Retainer October 2024 - Bodegas Solariego SA,ingreso,10450.0,2194.5,12644.5,True
FAC-0616,CLI-014,Embotellados del Norte SL,Agroalimentario,Consultoria Internacional Recurrente,2024-10-25,Retainer October 2024 - Embotellados del Norte SL,ingreso,8250.0,1732.5,9982.5,True
FAC-0617,CLI-018,AutoParts Iberica SA,Bienes Industriales,Consultoria Internacional Recurrente,2024-10-25,Retainer October 2024 - AutoParts Iberica SA,ingreso,11550.0,2425.5,13975.5,True
FAC-0618,,,,,2024-10-25,Servicios profesionales,gasto_fijo,3660.0,768.6,4428.6,True
FAC-0619,CLI-024,Vinedos del Valle SL,Vinos y Bebidas,Consultoria Internacional Recurrente,2024-10-25,Retainer October 2024 - Vinedos del Valle SL,ingreso,6600.0,1386.0,7986.0,True
FAC-0620,CLI-038,Calzado Artesano Export SL,Bienes de Consumo,Consultoria Internacional Recurrente,2024-10-25,Retainer October 2024 - Calzado Artesano Export SL,ingreso,6600.0,1386.0,7986.0,True
FAC-0621,CLI-021,EnerRenovables Solar SA,Bienes Industriales,Consultoria Internacional Recurrente,2024-10-25,Retainer October 2024 - EnerRenovables Solar SA,ingreso,10780.0,2263.8,13043.8,True
FAC-0622,CLI-034,ModaExport Iberica SL,Bienes de Consumo,Consultoria Internacional Recurrente,2024-10-26,Retainer October 2024 - ModaExport Iberica SL,ingreso,9900.0,2079.0,11979.0,True
FAC-0623,CLI-011,Frutas y Hortalizas del Norte,Agroalimentario,Consultoria Internacional Recurrente,2024-10-26,Retainer October 2024 - Frutas y Hortalizas del Norte,ingreso,9350.0,1963.5,11313.5,True
FAC-0624,CLI-027,Cervezas Artesanas Gredos,Vinos y Bebidas,Consultoria Internacional Recurrente,2024-10-26,Retainer October 2024 - Cervezas Artesanas Gredos,ingreso,5720.0,1201.2,6921.2,True
FAC-0625,CLI-006,AppDigital Labs,Tecnologia,Consultoria Internacional Recurrente,2024-10-26,Retainer October 2024 - AppDigital Labs,ingreso,6600.0,1386.0,7986.0,True
FAC-0626,CLI-019,Construcciones Metalicas ML,Bienes Industriales,Consultoria Internacional Recurrente,2024-10-26,Retainer October 2024 - Construcciones Metalicas ML,ingreso,7700.0,1617.0,9317.0,True
FAC-0627,CLI-005,CyberSecure Consulting,Tecnologia,Consultoria Internacional Recurrente,2024-10-26,Retainer October 2024 - CyberSecure Consulting,ingreso,12100.0,2541.0,14641.0,True
FAC-0628,CLI-023,Bodegas Montealto SA,Vinos y Bebidas,Consultoria Internacional Recurrente,2024-10-26,Retainer October 2024 - Bodegas Montealto SA,ingreso,8800.0,1848.0,10648.0,True
FAC-0629,CLI-002,DataSmart Systems SA,Tecnologia,Consultoria Internacional Recurrente,2024-10-27,Retainer October 2024 - DataSmart Systems SA,ingreso,11220.0,2356.2,13576.2,True
FAC-0630,CLI-013,Aceites y Olivares SL,Agroalimentario,Consultoria Internacional Recurrente,2024-10-27,Retainer October 2024 - Aceites y Olivares SL,ingreso,11000.0,2310.0,13310.0,True
FAC-0631,CLI-016,Mecanica Precision SL,Bienes Industriales,Consultoria Internacional Recurrente,2024-10-27,Retainer October 2024 - Mecanica Precision SL,ingreso,9680.0,2032.8,11712.8,True
FAC-0632,CLI-028,Gourmet Seleccion Espana,Vinos y Bebidas,Consultoria Internacional Recurrente,2024-10-27,Retainer October 2024 - Gourmet Seleccion Espana,ingreso,7920.0,1663.2,9583.2,True
FAC-0633,CLI-039,Iluminacion Decorativa SL,Bienes de Consumo,Consultoria Internacional Recurrente,2024-10-27,Retainer October 2024 - Iluminacion Decorativa SL,ingreso,9350.0,1963.5,11313.5,True
FAC-0634,CLI-010,Olivares del Mediterraneo,Agroalimentario,Consultoria Internacional Recurrente,2024-10-27,Retainer October 2024 - Olivares del Mediterraneo,ingreso,7150.0,1501.5,8651.5,True
FAC-0635,CLI-030,HotelSun International SA,Turismo,Consultoria Internacional Recurrente,2024-10-27,Retainer October 2024 - HotelSun International SA,ingreso,13200.0,2772.0,15972.0,True
FAC-0636,CLI-012,Conservas Artesanas SL,Agroalimentario,Consultoria Internacional Recurrente,2024-10-27,Retainer October 2024 - Conservas Artesanas SL,ingreso,6050.0,1270.5,7320.5,True
FAC-0637,CLI-047,Sistemas Embebidos SA,Tecnologia,Plan Integral de Internacionalizacion,2024-10-27,Plan Integral de Internacionalizacion - Sistemas Embebidos SA - Factura 5/6,ingreso,6450.0,1354.5,7804.5,True
FAC-0638,CLI-047,Sistemas Embebidos SA,Tecnologia,Plan Integral de Internacionalizacion,2024-11-02,Plan Integral de Internacionalizacion - Sistemas Embebidos SA - Factura 6/6,ingreso,11520.0,2419.2,13939.2,True
FAC-0639,CLI-074,Licores y Destilados SL,Vinos y Bebidas,Plan Integral de Internacionalizacion,2024-11-03,Plan Integral de Internacionalizacion - Licores y Destilados SL - Factura 2/4,ingreso,7060.0,1482.6,8542.6,True
FAC-0640,,,,,2024-11-04,Nominas,gasto_fijo,186190.0,0.0,186190.0,True
FAC-0641,,,,,2024-11-11,Seguros,gasto_fijo,1300.0,273.0,1573.0,True
FAC-0642,,,,,2024-11-13,Software y SaaS,gasto_fijo,6340.0,1331.4,7671.4,True
FAC-0643,,,,,2024-11-13,Servicios profesionales,gasto_fijo,3010.0,632.1,3642.1,True
FAC-0644,CLI-061,Talleres Mecanicos del Sur,Bienes Industriales,Campana de Marketing Internacional,2024-11-15,Campana de Marketing Internacional - Talleres Mecanicos del Sur - Factura 3/3,ingreso,6750.0,1417.5,8167.5,True
FAC-0645,,,,,2024-11-20,Suministros,gasto_fijo,1030.0,216.3,1246.3,True
FAC-0646,,,,,2024-11-23,Material de oficina,gasto_fijo,550.0,115.5,665.5,True
FAC-0647,,,,,2024-11-24,Alquiler oficina,gasto_fijo,5740.0,1205.4,6945.4,True
FAC-0648,CLI-033,Eventos Corporativos Espana,Turismo,Consultoria Internacional Recurrente,2024-11-25,Retainer November 2024 - Eventos Corporativos Espana,ingreso,6500.0,1365.0,7865.0,True
FAC-0649,CLI-020,ElecTech Sistemas SL,Bienes Industriales,Consultoria Internacional Recurrente,2024-11-25,Retainer November 2024 - ElecTech Sistemas SL,ingreso,8200.0,1722.0,9922.0,True
FAC-0650,CLI-012,Conservas Artesanas SL,Agroalimentario,Consultoria Internacional Recurrente,2024-11-25,Retainer November 2024 - Conservas Artesanas SL,ingreso,5500.0,1155.0,6655.0,True
FAC-0651,CLI-015,InduSteel Components SA,Bienes Industriales,Consultoria Internacional Recurrente,2024-11-25,Retainer November 2024 - InduSteel Components SA,ingreso,12500.0,2625.0,15125.0,True
FAC-0652,CLI-021,EnerRenovables Solar SA,Bienes Industriales,Consultoria Internacional Recurrente,2024-11-25,Retainer November 2024 - EnerRenovables Solar SA,ingreso,9800.0,2058.0,11858.0,True
FAC-0653,CLI-013,Aceites y Olivares SL,Agroalimentario,Consultoria Internacional Recurrente,2024-11-25,Retainer November 2024 - Aceites y Olivares SL,ingreso,10000.0,2100.0,12100.0,True
FAC-0654,CLI-024,Vinedos del Valle SL,Vinos y Bebidas,Consultoria Internacional Recurrente,2024-11-25,Retainer November 2024 - Vinedos del Valle SL,ingreso,6000.0,1260.0,7260.0,True
FAC-0655,CLI-032,Viajes y Negocios Globales,Turismo,Consultoria Internacional Recurrente,2024-11-25,Retainer November 2024 - Viajes y Negocios Globales,ingreso,8500.0,1785.0,10285.0,True
FAC-0656,CLI-017,TecniMaquinaria SL,Bienes Industriales,Consultoria Internacional Recurrente,2024-11-25,Retainer November 2024 - TecniMaquinaria SL,ingreso,9200.0,1932.0,11132.0,True
FAC-0657,CLI-025,Destilerias del Sur SL,Vinos y Bebidas,Consultoria Internacional Recurrente,2024-11-25,Retainer November 2024 - Destilerias del Sur SL,ingreso,7800.0,1638.0,9438.0,True
FAC-0658,CLI-014,Embotellados del Norte SL,Agroalimentario,Consultoria Internacional Recurrente,2024-11-25,Retainer November 2024 - Embotellados del Norte SL,ingreso,7500.0,1575.0,9075.0,True
FAC-0659,CLI-002,DataSmart Systems SA,Tecnologia,Consultoria Internacional Recurrente,2024-11-26,Retainer November 2024 - DataSmart Systems SA,ingreso,10200.0,2142.0,12342.0,True
FAC-0660,CLI-016,Mecanica Precision SL,Bienes Industriales,Consultoria Internacional Recurrente,2024-11-26,Retainer November 2024 - Mecanica Precision SL,ingreso,8800.0,1848.0,10648.0,True
FAC-0661,CLI-034,ModaExport Iberica SL,Bienes de Consumo,Consultoria Internacional Recurrente,2024-11-26,Retainer November 2024 - ModaExport Iberica SL,ingreso,9000.0,1890.0,10890.0,True
FAC-0662,CLI-003,CloudNet Espana SL,Tecnologia,Consultoria Internacional Recurrente,2024-11-26,Retainer November 2024 - CloudNet Espana SL,ingreso,7800.0,1638.0,9438.0,True
FAC-0663,CLI-028,Gourmet Seleccion Espana,Vinos y Bebidas,Consultoria Internacional Recurrente,2024-11-26,Retainer November 2024 - Gourmet Seleccion Espana,ingreso,7200.0,1512.0,8712.0,True
FAC-0664,CLI-018,AutoParts Iberica SA,Bienes Industriales,Consultoria Internacional Recurrente,2024-11-26,Retainer November 2024 - AutoParts Iberica SA,ingreso,10500.0,2205.0,12705.0,True
FAC-0665,CLI-010,Olivares del Mediterraneo,Agroalimentario,Consultoria Internacional Recurrente,2024-11-26,Retainer November 2024 - Olivares del Mediterraneo,ingreso,6500.0,1365.0,7865.0,True
FAC-0666,CLI-006,AppDigital Labs,Tecnologia,Consultoria Internacional Recurrente,2024-11-26,Retainer November 2024 - AppDigital Labs,ingreso,6000.0,1260.0,7260.0,True
FAC-0667,CLI-026,Bodegas Solariego SA,Vinos y Bebidas,Consultoria Internacional Recurrente,2024-11-26,Retainer November 2024 - Bodegas Solariego SA,ingreso,9500.0,1995.0,11495.0,True
FAC-0668,CLI-038,Calzado Artesano Export SL,Bienes de Consumo,Consultoria Internacional Recurrente,2024-11-26,Retainer November 2024 - Calzado Artesano Export SL,ingreso,6000.0,1260.0,7260.0,True
FAC-0669,CLI-019,Construcciones Metalicas ML,Bienes Industriales,Consultoria Internacional Recurrente,2024-11-27,Retainer November 2024 - Construcciones Metalicas ML,ingreso,7000.0,1470.0,8470.0,True
FAC-0670,CLI-037,Juguetes del Mediterraneo,Bienes de Consumo,Consultoria Internacional Recurrente,2024-11-27,Retainer November 2024 - Juguetes del Mediterraneo,ingreso,7500.0,1575.0,9075.0,True
FAC-0671,CLI-005,CyberSecure Consulting,Tecnologia,Consultoria Internacional Recurrente,2024-11-27,Retainer November 2024 - CyberSecure Consulting,ingreso,11000.0,2310.0,13310.0,True
FAC-0672,CLI-030,HotelSun International SA,Turismo,Consultoria Internacional Recurrente,2024-11-27,Retainer November 2024 - HotelSun International SA,ingreso,12000.0,2520.0,14520.0,True
FAC-0673,CLI-022,Soluciones Logisticas ML,Bienes Industriales,Consultoria Internacional Recurrente,2024-11-27,Retainer November 2024 - Soluciones Logisticas ML,ingreso,7500.0,1575.0,9075.0,True
FAC-0674,CLI-023,Bodegas Montealto SA,Vinos y Bebidas,Consultoria Internacional Recurrente,2024-11-27,Retainer November 2024 - Bodegas Montealto SA,ingreso,8000.0,1680.0,9680.0,True
FAC-0675,CLI-007,BioTech Health SL,Tecnologia,Consultoria Internacional Recurrente,2024-11-27,Retainer November 2024 - BioTech Health SL,ingreso,8000.0,1680.0,9680.0,True
FAC-0676,CLI-039,Iluminacion Decorativa SL,Bienes de Consumo,Consultoria Internacional Recurrente,2024-11-27,Retainer November 2024 - Iluminacion Decorativa SL,ingreso,8500.0,1785.0,10285.0,True
FAC-0677,CLI-004,Nexus Software Group,Tecnologia,Consultoria Internacional Recurrente,2024-11-27,Retainer November 2024 - Nexus Software Group,ingreso,9500.0,1995.0,11495.0,True
FAC-0678,CLI-027,Cervezas Artesanas Gredos,Vinos y Bebidas,Consultoria Internacional Recurrente,2024-11-27,Retainer November 2024 - Cervezas Artesanas Gredos,ingreso,5200.0,1092.0,6292.0,True
FAC-0679,,,,,2024-12-03,Nominas,gasto_fijo,184520.0,0.0,184520.0,True
FAC-0680,CLI-075,Agencia de Negocios Global,Turismo,Plan Integral de Internacionalizacion,2024-12-13,Plan Integral de Internacionalizacion - Agencia de Negocios Global - Factura 1/7,ingreso,8710.0,1829.1,10539.1,True
FAC-0681,,,,,2024-12-14,Viajes y dietas,gasto_variable,3850.0,808.5,4658.5,True
FAC-0682,CLI-050,Destileria Artesana SL,Vinos y Bebidas,Campana de Marketing Internacional,2024-12-17,Campana de Marketing Internacional - Destileria Artesana SL - Factura 1/1,ingreso,8900.0,1869.0,10769.0,True
FAC-0683,,,,,2024-12-18,Pago Fraccionado IS,gasto_trimestral,17180.0,0.0,17180.0,True
FAC-0684,,,,,2024-12-19,Alquiler oficina,gasto_fijo,6110.0,1283.1,7393.1,True
FAC-0685,,,,,2024-12-20,Seguros,gasto_fijo,1270.0,266.7,1536.7,True
FAC-0686,,,,,2024-12-21,Servicios profesionales,gasto_fijo,2860.0,600.6,3460.6,True
FAC-0687,,,,,2024-12-22,Software y SaaS,gasto_fijo,5030.0,1056.3,6086.3,True
FAC-0688,,,,,2024-12-22,Material de oficina,gasto_fijo,490.0,102.9,592.9,True
FAC-0689,CLI-028,Gourmet Seleccion Espana,Vinos y Bebidas,Consultoria Internacional Recurrente,2024-12-25,Retainer December 2024 - Gourmet Seleccion Espana,ingreso,5040.0,1058.4,6098.4,True
FAC-0690,CLI-002,DataSmart Systems SA,Tecnologia,Consultoria Internacional Recurrente,2024-12-25,Retainer December 2024 - DataSmart Systems SA,ingreso,7140.0,1499.4,8639.4,True
FAC-0691,CLI-018,AutoParts Iberica SA,Bienes Industriales,Consultoria Internacional Recurrente,2024-12-25,Retainer December 2024 - AutoParts Iberica SA,ingreso,7350.0,1543.5,8893.5,True
FAC-0692,CLI-039,Iluminacion Decorativa SL,Bienes de Consumo,Consultoria Internacional Recurrente,2024-12-25,Retainer December 2024 - Iluminacion Decorativa SL,ingreso,5950.0,1249.5,7199.5,True
FAC-0693,CLI-014,Embotellados del Norte SL,Agroalimentario,Consultoria Internacional Recurrente,2024-12-25,Retainer December 2024 - Embotellados del Norte SL,ingreso,5250.0,1102.5,6352.5,True
FAC-0694,CLI-013,Aceites y Olivares SL,Agroalimentario,Consultoria Internacional Recurrente,2024-12-25,Retainer December 2024 - Aceites y Olivares SL,ingreso,7000.0,1470.0,8470.0,True
FAC-0695,CLI-033,Eventos Corporativos Espana,Turismo,Consultoria Internacional Recurrente,2024-12-25,Retainer December 2024 - Eventos Corporativos Espana,ingreso,4550.0,955.5,5505.5,True
FAC-0696,CLI-023,Bodegas Montealto SA,Vinos y Bebidas,Consultoria Internacional Recurrente,2024-12-25,Retainer December 2024 - Bodegas Montealto SA,ingreso,5600.0,1176.0,6776.0,True
FAC-0697,CLI-027,Cervezas Artesanas Gredos,Vinos y Bebidas,Consultoria Internacional Recurrente,2024-12-26,Retainer December 2024 - Cervezas Artesanas Gredos,ingreso,3640.0,764.4,4404.4,True
FAC-0698,CLI-026,Bodegas Solariego SA,Vinos y Bebidas,Consultoria Internacional Recurrente,2024-12-26,Retainer December 2024 - Bodegas Solariego SA,ingreso,6650.0,1396.5,8046.5,True
FAC-0699,CLI-012,Conservas Artesanas SL,Agroalimentario,Consultoria Internacional Recurrente,2024-12-26,Retainer December 2024 - Conservas Artesanas SL,ingreso,3850.0,808.5,4658.5,True
FAC-0700,CLI-021,EnerRenovables Solar SA,Bienes Industriales,Consultoria Internacional Recurrente,2024-12-26,Retainer December 2024 - EnerRenovables Solar SA,ingreso,6860.0,1440.6,8300.6,True
FAC-0701,CLI-007,BioTech Health SL,Tecnologia,Consultoria Internacional Recurrente,2024-12-26,Retainer December 2024 - BioTech Health SL,ingreso,5600.0,1176.0,6776.0,True
FAC-0702,CLI-025,Destilerias del Sur SL,Vinos y Bebidas,Consultoria Internacional Recurrente,2024-12-26,Retainer December 2024 - Destilerias del Sur SL,ingreso,5460.0,1146.6,6606.6,True
FAC-0703,CLI-029,Destinos Globales SL,Turismo,Consultoria Internacional Recurrente,2024-12-26,Retainer December 2024 - Destinos Globales SL,ingreso,7000.0,1470.0,8470.0,True
FAC-0704,CLI-022,Soluciones Logisticas ML,Bienes Industriales,Consultoria Internacional Recurrente,2024-12-26,Retainer December 2024 - Soluciones Logisticas ML,ingreso,5250.0,1102.5,6352.5,True
FAC-0705,CLI-004,Nexus Software Group,Tecnologia,Consultoria Internacional Recurrente,2024-12-26,Retainer December 2024 - Nexus Software Group,ingreso,6650.0,1396.5,8046.5,True
FAC-0706,CLI-005,CyberSecure Consulting,Tecnologia,Consultoria Internacional Recurrente,2024-12-26,Retainer December 2024 - CyberSecure Consulting,ingreso,7700.0,1617.0,9317.0,True
FAC-0707,CLI-020,ElecTech Sistemas SL,Bienes Industriales,Consultoria Internacional Recurrente,2024-12-26,Retainer December 2024 - ElecTech Sistemas SL,ingreso,5740.0,1205.4,6945.4,True
FAC-0708,CLI-019,Construcciones Metalicas ML,Bienes Industriales,Consultoria Internacional Recurrente,2024-12-26,Retainer December 2024 - Construcciones Metalicas ML,ingreso,4900.0,1029.0,5929.0,True
FAC-0709,CLI-038,Calzado Artesano Export SL,Bienes de Consumo,Consultoria Internacional Recurrente,2024-12-26,Retainer December 2024 - Calzado Artesano Export SL,ingreso,4200.0,882.0,5082.0,True
FAC-0710,CLI-024,Vinedos del Valle SL,Vinos y Bebidas,Consultoria Internacional Recurrente,2024-12-26,Retainer December 2024 - Vinedos del Valle SL,ingreso,4200.0,882.0,5082.0,True
FAC-0711,CLI-032,Viajes y Negocios Globales,Turismo,Consultoria Internacional Recurrente,2024-12-26,Retainer December 2024 - Viajes y Negocios Globales,ingreso,5950.0,1249.5,7199.5,True
FAC-0712,CLI-015,InduSteel Components SA,Bienes Industriales,Consultoria Internacional Recurrente,2024-12-27,Retainer December 2024 - InduSteel Components SA,ingreso,8750.0,1837.5,10587.5,True
FAC-0713,CLI-016,Mecanica Precision SL,Bienes Industriales,Consultoria Internacional Recurrente,2024-12-27,Retainer December 2024 - Mecanica Precision SL,ingreso,6160.0,1293.6,7453.6,True
FAC-0714,CLI-010,Olivares del Mediterraneo,Agroalimentario,Consultoria Internacional Recurrente,2024-12-27,Retainer December 2024 - Olivares del Mediterraneo,ingreso,4550.0,955.5,5505.5,True
FAC-0715,CLI-034,ModaExport Iberica SL,Bienes de Consumo,Consultoria Internacional Recurrente,2024-12-27,Retainer December 2024 - ModaExport Iberica SL,ingreso,6300.0,1323.0,7623.0,True
FAC-0716,,,,,2024-12-27,Suministros,gasto_fijo,1040.0,218.4,1258.4,True
FAC-0717,CLI-030,HotelSun International SA,Turismo,Consultoria Internacional Recurrente,2024-12-27,Retainer December 2024 - HotelSun International SA,ingreso,8400.0,1764.0,10164.0,True
FAC-0718,CLI-035,Hogar Diseno SL,Bienes de Consumo,Consultoria Internacional Recurrente,2024-12-27,Retainer December 2024 - Hogar Diseno SL,ingreso,5040.0,1058.4,6098.4,True
FAC-0719,CLI-017,TecniMaquinaria SL,Bienes Industriales,Consultoria Internacional Recurrente,2024-12-27,Retainer December 2024 - TecniMaquinaria SL,ingreso,6440.0,1352.4,7792.4,True
FAC-0720,CLI-003,CloudNet Espana SL,Tecnologia,Consultoria Internacional Recurrente,2024-12-27,Retainer December 2024 - CloudNet Espana SL,ingreso,5460.0,1146.6,6606.6,True
FAC-0721,CLI-037,Juguetes del Mediterraneo,Bienes de Consumo,Consultoria Internacional Recurrente,2024-12-27,Retainer December 2024 - Juguetes del Mediterraneo,ingreso,5250.0,1102.5,6352.5,True
FAC-0722,CLI-006,AppDigital Labs,Tecnologia,Consultoria Internacional Recurrente,2024-12-27,Retainer December 2024 - AppDigital Labs,ingreso,4200.0,882.0,5082.0,True
FAC-0723,,,,,2025-01-04,Nominas,gasto_fijo,172180.0,0.0,172180.0,True
FAC-0724,CLI-063,Resorts Vacacionales SA,Turismo,Plan de Promocion Internacional,2025-01-05,Plan de Promocion Internacional - Resorts Vacacionales SA - Factura 1/2,ingreso,10230.0,2148.3,12378.3,True
FAC-0725,,,,,2025-01-08,Alquiler stands ferias,gasto_variable,4740.0,995.4,5735.4,True
FAC-0726,,,,,2025-01-10,Alquiler oficina,gasto_fijo,5870.0,1232.7,7102.7,True
FAC-0727,,,,,2025-01-18,Seguros,gasto_fijo,1680.0,352.8,2032.8,True
FAC-0728,,,,,2025-01-19,Material de oficina,gasto_fijo,850.0,178.5,1028.5,True
FAC-0729,,,,,2025-01-22,Software y SaaS,gasto_fijo,5500.0,1155.0,6655.0,True
FAC-0730,,,,,2025-01-22,Suministros,gasto_fijo,1180.0,247.8,1427.8,True
FAC-0731,CLI-075,Agencia de Negocios Global,Turismo,Plan Integral de Internacionalizacion,2025-01-24,Plan Integral de Internacionalizacion - Agencia de Negocios Global - Factura 2/7,ingreso,10230.0,2148.3,12378.3,True
FAC-0732,CLI-074,Licores y Destilados SL,Vinos y Bebidas,Plan Integral de Internacionalizacion,2025-01-24,Plan Integral de Internacionalizacion - Licores y Destilados SL - Factura 3/4,ingreso,2860.0,600.6,3460.6,True
FAC-0733,,,,,2025-01-24,Servicios profesionales,gasto_fijo,3720.0,781.2,4501.2,True
FAC-0734,CLI-017,TecniMaquinaria SL,Bienes Industriales,Consultoria Internacional Recurrente,2025-01-25,Retainer January 2025 - TecniMaquinaria SL,ingreso,10120.0,2125.2,12245.2,True
FAC-0735,CLI-019,Construcciones Metalicas ML,Bienes Industriales,Consultoria Internacional Recurrente,2025-01-25,Retainer January 2025 - Construcciones Metalicas ML,ingreso,7700.0,1617.0,9317.0,True
FAC-0736,CLI-033,Eventos Corporativos Espana,Turismo,Consultoria Internacional Recurrente,2025-01-25,Retainer January 2025 - Eventos Corporativos Espana,ingreso,7150.0,1501.5,8651.5,True
FAC-0737,CLI-003,CloudNet Espana SL,Tecnologia,Consultoria Internacional Recurrente,2025-01-25,Retainer January 2025 - CloudNet Espana SL,ingreso,8580.0,1801.8,10381.8,True
FAC-0738,CLI-024,Vinedos del Valle SL,Vinos y Bebidas,Consultoria Internacional Recurrente,2025-01-25,Retainer January 2025 - Vinedos del Valle SL,ingreso,6600.0,1386.0,7986.0,True
FAC-0739,CLI-035,Hogar Diseno SL,Bienes de Consumo,Consultoria Internacional Recurrente,2025-01-25,Retainer January 2025 - Hogar Diseno SL,ingreso,7920.0,1663.2,9583.2,True
FAC-0740,CLI-039,Iluminacion Decorativa SL,Bienes de Consumo,Consultoria Internacional Recurrente,2025-01-25,Retainer January 2025 - Iluminacion Decorativa SL,ingreso,9350.0,1963.5,11313.5,True
FAC-0741,CLI-006,AppDigital Labs,Tecnologia,Consultoria Internacional Recurrente,2025-01-25,Retainer January 2025 - AppDigital Labs,ingreso,6600.0,1386.0,7986.0,True
FAC-0742,CLI-007,BioTech Health SL,Tecnologia,Consultoria Internacional Recurrente,2025-01-25,Retainer January 2025 - BioTech Health SL,ingreso,8800.0,1848.0,10648.0,True
FAC-0743,CLI-013,Aceites y Olivares SL,Agroalimentario,Consultoria Internacional Recurrente,2025-01-25,Retainer January 2025 - Aceites y Olivares SL,ingreso,11000.0,2310.0,13310.0,True
FAC-0744,CLI-020,ElecTech Sistemas SL,Bienes Industriales,Consultoria Internacional Recurrente,2025-01-25,Retainer January 2025 - ElecTech Sistemas SL,ingreso,9020.0,1894.2,10914.2,True
FAC-0745,CLI-021,EnerRenovables Solar SA,Bienes Industriales,Consultoria Internacional Recurrente,2025-01-25,Retainer January 2025 - EnerRenovables Solar SA,ingreso,10780.0,2263.8,13043.8,True
FAC-0746,CLI-030,HotelSun International SA,Turismo,Consultoria Internacional Recurrente,2025-01-26,Retainer January 2025 - HotelSun International SA,ingreso,13200.0,2772.0,15972.0,True
FAC-0747,CLI-022,Soluciones Logisticas ML,Bienes Industriales,Consultoria Internacional Recurrente,2025-01-26,Retainer January 2025 - Soluciones Logisticas ML,ingreso,8250.0,1732.5,9982.5,True
FAC-0748,CLI-018,AutoParts Iberica SA,Bienes Industriales,Consultoria Internacional Recurrente,2025-01-26,Retainer January 2025 - AutoParts Iberica SA,ingreso,11550.0,2425.5,13975.5,True
FAC-0749,CLI-002,DataSmart Systems SA,Tecnologia,Consultoria Internacional Recurrente,2025-01-26,Retainer January 2025 - DataSmart Systems SA,ingreso,11220.0,2356.2,13576.2,True
FAC-0750,CLI-037,Juguetes del Mediterraneo,Bienes de Consumo,Consultoria Internacional Recurrente,2025-01-26,Retainer January 2025 - Juguetes del Mediterraneo,ingreso,8250.0,1732.5,9982.5,True
FAC-0751,CLI-015,InduSteel Components SA,Bienes Industriales,Consultoria Internacional Recurrente,2025-01-26,Retainer January 2025 - InduSteel Components SA,ingreso,13750.0,2887.5,16637.5,True
FAC-0752,CLI-029,Destinos Globales SL,Turismo,Consultoria Internacional Recurrente,2025-01-26,Retainer January 2025 - Destinos Globales SL,ingreso,11000.0,2310.0,13310.0,True
FAC-0753,CLI-028,Gourmet Seleccion Espana,Vinos y Bebidas,Consultoria Internacional Recurrente,2025-01-27,Retainer January 2025 - Gourmet Seleccion Espana,ingreso,7920.0,1663.2,9583.2,True
FAC-0754,CLI-038,Calzado Artesano Export SL,Bienes de Consumo,Consultoria Internacional Recurrente,2025-01-27,Retainer January 2025 - Calzado Artesano Export SL,ingreso,6600.0,1386.0,7986.0,True
FAC-0755,CLI-034,ModaExport Iberica SL,Bienes de Consumo,Consultoria Internacional Recurrente,2025-01-27,Retainer January 2025 - ModaExport Iberica SL,ingreso,9900.0,2079.0,11979.0,True
FAC-0756,CLI-032,Viajes y Negocios Globales,Turismo,Consultoria Internacional Recurrente,2025-01-27,Retainer January 2025 - Viajes y Negocios Globales,ingreso,9350.0,1963.5,11313.5,True
FAC-0757,CLI-025,Destilerias del Sur SL,Vinos y Bebidas,Consultoria Internacional Recurrente,2025-01-27,Retainer January 2025 - Destilerias del Sur SL,ingreso,8580.0,1801.8,10381.8,True
FAC-0758,CLI-010,Olivares del Mediterraneo,Agroalimentario,Consultoria Internacional Recurrente,2025-01-27,Retainer January 2025 - Olivares del Mediterraneo,ingreso,7150.0,1501.5,8651.5,True
FAC-0759,CLI-005,CyberSecure Consulting,Tecnologia,Consultoria Internacional Recurrente,2025-01-27,Retainer January 2025 - CyberSecure Consulting,ingreso,12100.0,2541.0,14641.0,True
FAC-0760,CLI-027,Cervezas Artesanas Gredos,Vinos y Bebidas,Consultoria Internacional Recurrente,2025-01-27,Retainer January 2025 - Cervezas Artesanas Gredos,ingreso,5720.0,1201.2,6921.2,True
FAC-0761,CLI-012,Conservas Artesanas SL,Agroalimentario,Consultoria Internacional Recurrente,2025-01-27,Retainer January 2025 - Conservas Artesanas SL,ingreso,6050.0,1270.5,7320.5,True
FAC-0762,CLI-023,Bodegas Montealto SA,Vinos y Bebidas,Consultoria Internacional Recurrente,2025-01-27,Retainer January 2025 - Bodegas Montealto SA,ingreso,8800.0,1848.0,10648.0,True
FAC-0763,CLI-004,Nexus Software Group,Tecnologia,Consultoria Internacional Recurrente,2025-01-27,Retainer January 2025 - Nexus Software Group,ingreso,10450.0,2194.5,12644.5,True
FAC-0764,CLI-016,Mecanica Precision SL,Bienes Industriales,Consultoria Internacional Recurrente,2025-01-27,Retainer January 2025 - Mecanica Precision SL,ingreso,9680.0,2032.8,11712.8,True
FAC-0765,CLI-014,Embotellados del Norte SL,Agroalimentario,Consultoria Internacional Recurrente,2025-01-27,Retainer January 2025 - Embotellados del Norte SL,ingreso,8250.0,1732.5,9982.5,True
FAC-0766,CLI-026,Bodegas Solariego SA,Vinos y Bebidas,Consultoria Internacional Recurrente,2025-01-27,Retainer January 2025 - Bodegas Solariego SA,ingreso,10450.0,2194.5,12644.5,True
FAC-0767,,,,,2025-02-02,Nominas,gasto_fijo,188300.0,0.0,188300.0,True
FAC-0768,CLI-043,Maquinaria del Sur SL,Bienes Industriales,Campana de Marketing Internacional,2025-02-06,Campana de Marketing Internacional - Maquinaria del Sur SL - Factura 1/2,ingreso,3220.0,676.2,3896.2,True
FAC-0769,,,,,2025-02-11,Material de oficina,gasto_fijo,640.0,134.4,774.4,True
FAC-0770,,,,,2025-02-13,Alquiler oficina,gasto_fijo,5920.0,1243.2,7163.2,True
FAC-0771,,,,,2025-02-13,Software y SaaS,gasto_fijo,4370.0,917.7,5287.7,True
FAC-0772,CLI-075,Agencia de Negocios Global,Turismo,Plan Integral de Internacionalizacion,2025-02-15,Plan Integral de Internacionalizacion - Agencia de Negocios Global - Factura 3/7,ingreso,7410.0,1556.1,8966.1,True
FAC-0773,,,,,2025-02-19,Suministros,gasto_fijo,1290.0,270.9,1560.9,True
FAC-0774,CLI-058,Muebles de Diseno SL,Bienes de Consumo,Plan de Promocion Internacional,2025-02-23,Plan de Promocion Internacional - Muebles de Diseno SL - Factura 1/3,ingreso,6650.0,1396.5,8046.5,True
FAC-0775,CLI-038,Calzado Artesano Export SL,Bienes de Consumo,Consultoria Internacional Recurrente,2025-02-25,Retainer February 2025 - Calzado Artesano Export SL,ingreso,5700.0,1197.0,6897.0,True
FAC-0776,CLI-027,Cervezas Artesanas Gredos,Vinos y Bebidas,Consultoria Internacional Recurrente,2025-02-25,Retainer February 2025 - Cervezas Artesanas Gredos,ingreso,4940.0,1037.4,5977.4,True
FAC-0777,CLI-005,CyberSecure Consulting,Tecnologia,Consultoria Internacional Recurrente,2025-02-25,Retainer February 2025 - CyberSecure Consulting,ingreso,10450.0,2194.5,12644.5,True
FAC-0778,CLI-035,Hogar Diseno SL,Bienes de Consumo,Consultoria Internacional Recurrente,2025-02-25,Retainer February 2025 - Hogar Diseno SL,ingreso,6840.0,1436.4,8276.4,True
FAC-0779,CLI-032,Viajes y Negocios Globales,Turismo,Consultoria Internacional Recurrente,2025-02-25,Retainer February 2025 - Viajes y Negocios Globales,ingreso,8080.0,1696.8,9776.8,True
FAC-0780,CLI-006,AppDigital Labs,Tecnologia,Consultoria Internacional Recurrente,2025-02-25,Retainer February 2025 - AppDigital Labs,ingreso,5700.0,1197.0,6897.0,True
FAC-0781,CLI-004,Nexus Software Group,Tecnologia,Consultoria Internacional Recurrente,2025-02-25,Retainer February 2025 - Nexus Software Group,ingreso,9020.0,1894.2,10914.2,True
FAC-0782,CLI-023,Bodegas Montealto SA,Vinos y Bebidas,Consultoria Internacional Recurrente,2025-02-25,Retainer February 2025 - Bodegas Montealto SA,ingreso,7600.0,1596.0,9196.0,True
FAC-0783,CLI-026,Bodegas Solariego SA,Vinos y Bebidas,Consultoria Internacional Recurrente,2025-02-25,Retainer February 2025 - Bodegas Solariego SA,ingreso,9020.0,1894.2,10914.2,True
FAC-0784,CLI-039,Iluminacion Decorativa SL,Bienes de Consumo,Consultoria Internacional Recurrente,2025-02-25,Retainer February 2025 - Iluminacion Decorativa SL,ingreso,8080.0,1696.8,9776.8,True
FAC-0785,CLI-018,AutoParts Iberica SA,Bienes Industriales,Consultoria Internacional Recurrente,2025-02-25,Retainer February 2025 - AutoParts Iberica SA,ingreso,9980.0,2095.8,12075.8,True
FAC-0786,CLI-016,Mecanica Precision SL,Bienes Industriales,Consultoria Internacional Recurrente,2025-02-25,Retainer February 2025 - Mecanica Precision SL,ingreso,8360.0,1755.6,10115.6,True
FAC-0787,CLI-013,Aceites y Olivares SL,Agroalimentario,Consultoria Internacional Recurrente,2025-02-25,Retainer February 2025 - Aceites y Olivares SL,ingreso,9500.0,1995.0,11495.0,True
FAC-0788,CLI-022,Soluciones Logisticas ML,Bienes Industriales,Consultoria Internacional Recurrente,2025-02-25,Retainer February 2025 - Soluciones Logisticas ML,ingreso,7120.0,1495.2,8615.2,True
FAC-0789,CLI-015,InduSteel Components SA,Bienes Industriales,Consultoria Internacional Recurrente,2025-02-25,Retainer February 2025 - InduSteel Components SA,ingreso,11880.0,2494.8,14374.8,True
FAC-0790,CLI-030,HotelSun International SA,Turismo,Consultoria Internacional Recurrente,2025-02-26,Retainer February 2025 - HotelSun International SA,ingreso,11400.0,2394.0,13794.0,True
FAC-0791,,,,,2025-02-26,Servicios profesionales,gasto_fijo,3970.0,833.7,4803.7,True
FAC-0792,CLI-002,DataSmart Systems SA,Tecnologia,Consultoria Internacional Recurrente,2025-02-26,Retainer February 2025 - DataSmart Systems SA,ingreso,9690.0,2034.9,11724.9,True
FAC-0793,CLI-029,Destinos Globales SL,Turismo,Consultoria Internacional Recurrente,2025-02-26,Retainer February 2025 - Destinos Globales SL,ingreso,9500.0,1995.0,11495.0,True
FAC-0794,CLI-003,CloudNet Espana SL,Tecnologia,Consultoria Internacional Recurrente,2025-02-26,Retainer February 2025 - CloudNet Espana SL,ingreso,7410.0,1556.1,8966.1,True
FAC-0795,CLI-010,Olivares del Mediterraneo,Agroalimentario,Consultoria Internacional Recurrente,2025-02-26,Retainer February 2025 - Olivares del Mediterraneo,ingreso,6180.0,1297.8,7477.8,True
FAC-0796,CLI-033,Eventos Corporativos Espana,Turismo,Consultoria Internacional Recurrente,2025-02-26,Retainer February 2025 - Eventos Corporativos Espana,ingreso,6180.0,1297.8,7477.8,True
FAC-0797,CLI-021,EnerRenovables Solar SA,Bienes Industriales,Consultoria Internacional Recurrente,2025-02-26,Retainer February 2025 - EnerRenovables Solar SA,ingreso,9310.0,1955.1,11265.1,True
FAC-0798,CLI-048,Bioagro Export SL,Agroalimentario,Plan Integral de Internacionalizacion,2025-02-26,Plan Integral de Internacionalizacion - Bioagro Export SL - Factura 1/3,ingreso,15910.0,3341.1,19251.1,True
FAC-0799,CLI-012,Conservas Artesanas SL,Agroalimentario,Consultoria Internacional Recurrente,2025-02-26,Retainer February 2025 - Conservas Artesanas SL,ingreso,5220.0,1096.2,6316.2,True
FAC-0800,CLI-034,ModaExport Iberica SL,Bienes de Consumo,Consultoria Internacional Recurrente,2025-02-26,Retainer February 2025 - ModaExport Iberica SL,ingreso,8550.0,1795.5,10345.5,True
FAC-0801,CLI-025,Destilerias del Sur SL,Vinos y Bebidas,Consultoria Internacional Recurrente,2025-02-27,Retainer February 2025 - Destilerias del Sur SL,ingreso,7410.0,1556.1,8966.1,True
FAC-0802,CLI-020,ElecTech Sistemas SL,Bienes Industriales,Consultoria Internacional Recurrente,2025-02-27,Retainer February 2025 - ElecTech Sistemas SL,ingreso,7790.0,1635.9,9425.9,True
FAC-0803,CLI-019,Construcciones Metalicas ML,Bienes Industriales,Consultoria Internacional Recurrente,2025-02-27,Retainer February 2025 - Construcciones Metalicas ML,ingreso,6650.0,1396.5,8046.5,True
FAC-0804,CLI-007,BioTech Health SL,Tecnologia,Consultoria Internacional Recurrente,2025-02-27,Retainer February 2025 - BioTech Health SL,ingreso,7600.0,1596.0,9196.0,True
FAC-0805,CLI-024,Vinedos del Valle SL,Vinos y Bebidas,Consultoria Internacional Recurrente,2025-02-27,Retainer February 2025 - Vinedos del Valle SL,ingreso,5700.0,1197.0,6897.0,True
FAC-0806,CLI-017,TecniMaquinaria SL,Bienes Industriales,Consultoria Internacional Recurrente,2025-02-27,Retainer February 2025 - TecniMaquinaria SL,ingreso,8740.0,1835.4,10575.4,True
FAC-0807,CLI-040,Textil Hogar Internacional,Bienes de Consumo,Consultoria Internacional Recurrente,2025-02-27,Retainer February 2025 - Textil Hogar Internacional,ingreso,6650.0,1396.5,8046.5,True
FAC-0808,CLI-014,Embotellados del Norte SL,Agroalimentario,Consultoria Internacional Recurrente,2025-02-27,Retainer February 2025 - Embotellados del Norte SL,ingreso,7120.0,1495.2,8615.2,True
FAC-0809,CLI-028,Gourmet Seleccion Espana,Vinos y Bebidas,Consultoria Internacional Recurrente,2025-02-27,Retainer February 2025 - Gourmet Seleccion Espana,ingreso,6840.0,1436.4,8276.4,True
FAC-0810,,,,,2025-02-27,Seguros,gasto_fijo,1290.0,270.9,1560.9,True
FAC-0811,CLI-037,Juguetes del Mediterraneo,Bienes de Consumo,Consultoria Internacional Recurrente,2025-02-27,Retainer February 2025 - Juguetes del Mediterraneo,ingreso,7120.0,1495.2,8615.2,True
FAC-0812,,,,,2025-03-02,Nominas,gasto_fijo,170590.0,0.0,170590.0,True
FAC-0813,CLI-058,Muebles de Diseno SL,Bienes de Consumo,Plan de Promocion Internacional,2025-03-05,Plan de Promocion Internacional - Muebles de Diseno SL - Factura 2/3,ingreso,2900.0,609.0,3509.0,True
FAC-0814,CLI-074,Licores y Destilados SL,Vinos y Bebidas,Plan Integral de Internacionalizacion,2025-03-06,Plan Integral de Internacionalizacion - Licores y Destilados SL - Factura 4/4,ingreso,22860.0,4800.6,27660.6,True
FAC-0815,CLI-043,Maquinaria del Sur SL,Bienes Industriales,Campana de Marketing Internacional,2025-03-08,Campana de Marketing Internacional - Maquinaria del Sur SL - Factura 2/2,ingreso,12680.0,2662.8,15342.8,True
FAC-0816,,,,,2025-03-11,Marketing y publicidad,gasto_variable,6370.0,1337.7,7707.7,True
FAC-0817,,,,,2025-03-11,Servicios profesionales,gasto_fijo,3050.0,640.5,3690.5,True
FAC-0818,CLI-063,Resorts Vacacionales SA,Turismo,Plan de Promocion Internacional,2025-03-12,Plan de Promocion Internacional - Resorts Vacacionales SA - Factura 2/2,ingreso,19370.0,4067.7,23437.7,True
FAC-0819,,,,,2025-03-16,Suministros,gasto_fijo,1130.0,237.3,1367.3,True
FAC-0820,,,,,2025-03-16,Material de oficina,gasto_fijo,750.0,157.5,907.5,True
FAC-0821,,,,,2025-03-19,Software y SaaS,gasto_fijo,4640.0,974.4,5614.4,True
FAC-0822,,,,,2025-03-22,Seguros,gasto_fijo,1560.0,327.6,1887.6,True
FAC-0823,,,,,2025-03-24,Alquiler oficina,gasto_fijo,5730.0,1203.3,6933.3,True
FAC-0824,CLI-075,Agencia de Negocios Global,Turismo,Plan Integral de Internacionalizacion,2025-03-25,Plan Integral de Internacionalizacion - Agencia de Negocios Global - Factura 4/7,ingreso,9000.0,1890.0,10890.0,True
FAC-0825,CLI-007,BioTech Health SL,Tecnologia,Consultoria Internacional Recurrente,2025-03-25,Retainer March 2025 - BioTech Health SL,ingreso,8800.0,1848.0,10648.0,True
FAC-0826,CLI-033,Eventos Corporativos Espana,Turismo,Consultoria Internacional Recurrente,2025-03-25,Retainer March 2025 - Eventos Corporativos Espana,ingreso,7150.0,1501.5,8651.5,True
FAC-0827,CLI-032,Viajes y Negocios Globales,Turismo,Consultoria Internacional Recurrente,2025-03-25,Retainer March 2025 - Viajes y Negocios Globales,ingreso,9350.0,1963.5,11313.5,True
FAC-0828,CLI-039,Iluminacion Decorativa SL,Bienes de Consumo,Consultoria Internacional Recurrente,2025-03-25,Retainer March 2025 - Iluminacion Decorativa SL,ingreso,9350.0,1963.5,11313.5,True
FAC-0829,CLI-006,AppDigital Labs,Tecnologia,Consultoria Internacional Recurrente,2025-03-25,Retainer March 2025 - AppDigital Labs,ingreso,6600.0,1386.0,7986.0,True
FAC-0830,CLI-010,Olivares del Mediterraneo,Agroalimentario,Consultoria Internacional Recurrente,2025-03-25,Retainer March 2025 - Olivares del Mediterraneo,ingreso,7150.0,1501.5,8651.5,True
FAC-0831,CLI-029,Destinos Globales SL,Turismo,Consultoria Internacional Recurrente,2025-03-25,Retainer March 2025 - Destinos Globales SL,ingreso,11000.0,2310.0,13310.0,True
FAC-0832,CLI-003,CloudNet Espana SL,Tecnologia,Consultoria Internacional Recurrente,2025-03-25,Retainer March 2025 - CloudNet Espana SL,ingreso,8580.0,1801.8,10381.8,True
FAC-0833,CLI-038,Calzado Artesano Export SL,Bienes de Consumo,Consultoria Internacional Recurrente,2025-03-25,Retainer March 2025 - Calzado Artesano Export SL,ingreso,6600.0,1386.0,7986.0,True
FAC-0834,CLI-026,Bodegas Solariego SA,Vinos y Bebidas,Consultoria Internacional Recurrente,2025-03-25,Retainer March 2025 - Bodegas Solariego SA,ingreso,10450.0,2194.5,12644.5,True
FAC-0835,CLI-004,Nexus Software Group,Tecnologia,Consultoria Internacional Recurrente,2025-03-25,Retainer March 2025 - Nexus Software Group,ingreso,10450.0,2194.5,12644.5,True
FAC-0836,CLI-014,Embotellados del Norte SL,Agroalimentario,Consultoria Internacional Recurrente,2025-03-25,Retainer March 2025 - Embotellados del Norte SL,ingreso,8250.0,1732.5,9982.5,True
FAC-0837,CLI-027,Cervezas Artesanas Gredos,Vinos y Bebidas,Consultoria Internacional Recurrente,2025-03-25,Retainer March 2025 - Cervezas Artesanas Gredos,ingreso,5720.0,1201.2,6921.2,True
FAC-0838,CLI-022,Soluciones Logisticas ML,Bienes Industriales,Consultoria Internacional Recurrente,2025-03-26,Retainer March 2025 - Soluciones Logisticas ML,ingreso,8250.0,1732.5,9982.5,True
FAC-0839,CLI-023,Bodegas Montealto SA,Vinos y Bebidas,Consultoria Internacional Recurrente,2025-03-26,Retainer March 2025 - Bodegas Montealto SA,ingreso,8800.0,1848.0,10648.0,True
FAC-0840,CLI-034,ModaExport Iberica SL,Bienes de Consumo,Consultoria Internacional Recurrente,2025-03-26,Retainer March 2025 - ModaExport Iberica SL,ingreso,9900.0,2079.0,11979.0,True
FAC-0841,CLI-030,HotelSun International SA,Turismo,Consultoria Internacional Recurrente,2025-03-26,Retainer March 2025 - HotelSun International SA,ingreso,13200.0,2772.0,15972.0,True
FAC-0842,CLI-021,EnerRenovables Solar SA,Bienes Industriales,Consultoria Internacional Recurrente,2025-03-26,Retainer March 2025 - EnerRenovables Solar SA,ingreso,10780.0,2263.8,13043.8,True
FAC-0843,CLI-002,DataSmart Systems SA,Tecnologia,Consultoria Internacional Recurrente,2025-03-26,Retainer March 2025 - DataSmart Systems SA,ingreso,11220.0,2356.2,13576.2,True
FAC-0844,CLI-016,Mecanica Precision SL,Bienes Industriales,Consultoria Internacional Recurrente,2025-03-26,Retainer March 2025 - Mecanica Precision SL,ingreso,9680.0,2032.8,11712.8,True
FAC-0845,CLI-020,ElecTech Sistemas SL,Bienes Industriales,Consultoria Internacional Recurrente,2025-03-27,Retainer March 2025 - ElecTech Sistemas SL,ingreso,9020.0,1894.2,10914.2,True
FAC-0846,CLI-037,Juguetes del Mediterraneo,Bienes de Consumo,Consultoria Internacional Recurrente,2025-03-27,Retainer March 2025 - Juguetes del Mediterraneo,ingreso,8250.0,1732.5,9982.5,True
FAC-0847,CLI-015,InduSteel Components SA,Bienes Industriales,Consultoria Internacional Recurrente,2025-03-27,Retainer March 2025 - InduSteel Components SA,ingreso,13750.0,2887.5,16637.5,True
FAC-0848,CLI-019,Construcciones Metalicas ML,Bienes Industriales,Consultoria Internacional Recurrente,2025-03-27,Retainer March 2025 - Construcciones Metalicas ML,ingreso,7700.0,1617.0,9317.0,True
FAC-0849,CLI-005,CyberSecure Consulting,Tecnologia,Consultoria Internacional Recurrente,2025-03-27,Retainer March 2025 - CyberSecure Consulting,ingreso,12100.0,2541.0,14641.0,True
FAC-0850,CLI-012,Conservas Artesanas SL,Agroalimentario,Consultoria Internacional Recurrente,2025-03-27,Retainer March 2025 - Conservas Artesanas SL,ingreso,6050.0,1270.5,7320.5,True
FAC-0851,CLI-024,Vinedos del Valle SL,Vinos y Bebidas,Consultoria Internacional Recurrente,2025-03-27,Retainer March 2025 - Vinedos del Valle SL,ingreso,6600.0,1386.0,7986.0,True
FAC-0852,CLI-018,AutoParts Iberica SA,Bienes Industriales,Consultoria Internacional Recurrente,2025-03-27,Retainer March 2025 - AutoParts Iberica SA,ingreso,11550.0,2425.5,13975.5,True
FAC-0853,CLI-035,Hogar Diseno SL,Bienes de Consumo,Consultoria Internacional Recurrente,2025-03-27,Retainer March 2025 - Hogar Diseno SL,ingreso,7920.0,1663.2,9583.2,True
FAC-0854,CLI-040,Textil Hogar Internacional,Bienes de Consumo,Consultoria Internacional Recurrente,2025-03-27,Retainer March 2025 - Textil Hogar Internacional,ingreso,7700.0,1617.0,9317.0,True
FAC-0855,CLI-028,Gourmet Seleccion Espana,Vinos y Bebidas,Consultoria Internacional Recurrente,2025-03-27,Retainer March 2025 - Gourmet Seleccion Espana,ingreso,7920.0,1663.2,9583.2,True
FAC-0856,CLI-013,Aceites y Olivares SL,Agroalimentario,Consultoria Internacional Recurrente,2025-03-27,Retainer March 2025 - Aceites y Olivares SL,ingreso,11000.0,2310.0,13310.0,True
FAC-0857,,,,,2025-04-03,Nominas,gasto_fijo,194780.0,0.0,194780.0,True
FAC-0858,,,,,2025-04-09,Viajes y dietas,gasto_variable,9170.0,1925.7,11095.7,True
FAC-0859,CLI-075,Agencia de Negocios Global,Turismo,Plan Integral de Internacionalizacion,2025-04-09,Plan Integral de Internacionalizacion - Agencia de Negocios Global - Factura 5/7,ingreso,5000.0,1050.0,6050.0,True
FAC-0860,,,,,2025-04-10,Servicios profesionales,gasto_fijo,3690.0,774.9,4464.9,True
FAC-0861,CLI-058,Muebles de Diseno SL,Bienes de Consumo,Plan de Promocion Internacional,2025-04-11,Plan de Promocion Internacional - Muebles de Diseno SL - Factura 3/3,ingreso,16250.0,3412.5,19662.5,True
FAC-0862,,,,,2025-04-11,Marketing y publicidad,gasto_variable,5700.0,1197.0,6897.0,True
FAC-0863,,,,,2025-04-13,Seguros,gasto_fijo,1250.0,262.5,1512.5,True
FAC-0864,,,,,2025-04-15,Suministros,gasto_fijo,1150.0,241.5,1391.5,True
FAC-0865,,,,,2025-04-16,Software y SaaS,gasto_fijo,5930.0,1245.3,7175.3,True
FAC-0866,,,,,2025-04-18,Material de oficina,gasto_fijo,560.0,117.6,677.6,True
FAC-0867,CLI-048,Bioagro Export SL,Agroalimentario,Plan Integral de Internacionalizacion,2025-04-18,Plan Integral de Internacionalizacion - Bioagro Export SL - Factura 2/3,ingreso,5810.0,1220.1,7030.1,True
FAC-0868,,,,,2025-04-19,IVA Trimestral,gasto_trimestral,26750.0,0.0,26750.0,True
FAC-0869,,,,,2025-04-22,Pago Fraccionado IS,gasto_trimestral,10710.0,0.0,10710.0,True
FAC-0870,CLI-066,Finca Ecologica SL,Agroalimentario,Plan Integral de Internacionalizacion,2025-04-22,Plan Integral de Internacionalizacion - Finca Ecologica SL - Factura 1/4,ingreso,13660.0,2868.6,16528.6,True
FAC-0871,,,,,2025-04-23,Alquiler oficina,gasto_fijo,5600.0,1176.0,6776.0,True
FAC-0872,CLI-002,DataSmart Systems SA,Tecnologia,Consultoria Internacional Recurrente,2025-04-25,Retainer April 2025 - DataSmart Systems SA,ingreso,11220.0,2356.2,13576.2,True
FAC-0873,CLI-003,CloudNet Espana SL,Tecnologia,Consultoria Internacional Recurrente,2025-04-25,Retainer April 2025 - CloudNet Espana SL,ingreso,8580.0,1801.8,10381.8,True
FAC-0874,CLI-035,Hogar Diseno SL,Bienes de Consumo,Consultoria Internacional Recurrente,2025-04-25,Retainer April 2025 - Hogar Diseno SL,ingreso,7920.0,1663.2,9583.2,True
FAC-0875,CLI-034,ModaExport Iberica SL,Bienes de Consumo,Consultoria Internacional Recurrente,2025-04-25,Retainer April 2025 - ModaExport Iberica SL,ingreso,9900.0,2079.0,11979.0,True
FAC-0876,CLI-020,ElecTech Sistemas SL,Bienes Industriales,Consultoria Internacional Recurrente,2025-04-25,Retainer April 2025 - ElecTech Sistemas SL,ingreso,9020.0,1894.2,10914.2,True
FAC-0877,CLI-024,Vinedos del Valle SL,Vinos y Bebidas,Consultoria Internacional Recurrente,2025-04-25,Retainer April 2025 - Vinedos del Valle SL,ingreso,6600.0,1386.0,7986.0,True
FAC-0878,CLI-028,Gourmet Seleccion Espana,Vinos y Bebidas,Consultoria Internacional Recurrente,2025-04-25,Retainer April 2025 - Gourmet Seleccion Espana,ingreso,7920.0,1663.2,9583.2,True
FAC-0879,CLI-038,Calzado Artesano Export SL,Bienes de Consumo,Consultoria Internacional Recurrente,2025-04-25,Retainer April 2025 - Calzado Artesano Export SL,ingreso,6600.0,1386.0,7986.0,True
FAC-0880,CLI-021,EnerRenovables Solar SA,Bienes Industriales,Consultoria Internacional Recurrente,2025-04-25,Retainer April 2025 - EnerRenovables Solar SA,ingreso,10780.0,2263.8,13043.8,True
FAC-0881,CLI-040,Textil Hogar Internacional,Bienes de Consumo,Consultoria Internacional Recurrente,2025-04-25,Retainer April 2025 - Textil Hogar Internacional,ingreso,7700.0,1617.0,9317.0,True
FAC-0882,CLI-019,Construcciones Metalicas ML,Bienes Industriales,Consultoria Internacional Recurrente,2025-04-25,Retainer April 2025 - Construcciones Metalicas ML,ingreso,7700.0,1617.0,9317.0,True
FAC-0883,CLI-016,Mecanica Precision SL,Bienes Industriales,Consultoria Internacional Recurrente,2025-04-25,Retainer April 2025 - Mecanica Precision SL,ingreso,9680.0,2032.8,11712.8,True
FAC-0884,CLI-007,BioTech Health SL,Tecnologia,Consultoria Internacional Recurrente,2025-04-25,Retainer April 2025 - BioTech Health SL,ingreso,8800.0,1848.0,10648.0,True
FAC-0885,CLI-027,Cervezas Artesanas Gredos,Vinos y Bebidas,Consultoria Internacional Recurrente,2025-04-25,Retainer April 2025 - Cervezas Artesanas Gredos,ingreso,5720.0,1201.2,6921.2,True
FAC-0886,CLI-015,InduSteel Components SA,Bienes Industriales,Consultoria Internacional Recurrente,2025-04-26,Retainer April 2025 - InduSteel Components SA,ingreso,13750.0,2887.5,16637.5,True
FAC-0887,CLI-022,Soluciones Logisticas ML,Bienes Industriales,Consultoria Internacional Recurrente,2025-04-26,Retainer April 2025 - Soluciones Logisticas ML,ingreso,8250.0,1732.5,9982.5,True
FAC-0888,CLI-014,Embotellados del Norte SL,Agroalimentario,Consultoria Internacional Recurrente,2025-04-26,Retainer April 2025 - Embotellados del Norte SL,ingreso,8250.0,1732.5,9982.5,True
FAC-0889,CLI-004,Nexus Software Group,Tecnologia,Consultoria Internacional Recurrente,2025-04-26,Retainer April 2025 - Nexus Software Group,ingreso,10450.0,2194.5,12644.5,True
FAC-0890,CLI-013,Aceites y Olivares SL,Agroalimentario,Consultoria Internacional Recurrente,2025-04-26,Retainer April 2025 - Aceites y Olivares SL,ingreso,11000.0,2310.0,13310.0,True
FAC-0891,CLI-032,Viajes y Negocios Globales,Turismo,Consultoria Internacional Recurrente,2025-04-26,Retainer April 2025 - Viajes y Negocios Globales,ingreso,9350.0,1963.5,11313.5,True
FAC-0892,CLI-005,CyberSecure Consulting,Tecnologia,Consultoria Internacional Recurrente,2025-04-26,Retainer April 2025 - CyberSecure Consulting,ingreso,12100.0,2541.0,14641.0,True
FAC-0893,CLI-010,Olivares del Mediterraneo,Agroalimentario,Consultoria Internacional Recurrente,2025-04-26,Retainer April 2025 - Olivares del Mediterraneo,ingreso,7150.0,1501.5,8651.5,True
FAC-0894,CLI-029,Destinos Globales SL,Turismo,Consultoria Internacional Recurrente,2025-04-26,Retainer April 2025 - Destinos Globales SL,ingreso,11000.0,2310.0,13310.0,True
FAC-0895,CLI-037,Juguetes del Mediterraneo,Bienes de Consumo,Consultoria Internacional Recurrente,2025-04-26,Retainer April 2025 - Juguetes del Mediterraneo,ingreso,8250.0,1732.5,9982.5,True
FAC-0896,CLI-023,Bodegas Montealto SA,Vinos y Bebidas,Consultoria Internacional Recurrente,2025-04-26,Retainer April 2025 - Bodegas Montealto SA,ingreso,8800.0,1848.0,10648.0,True
FAC-0897,CLI-033,Eventos Corporativos Espana,Turismo,Consultoria Internacional Recurrente,2025-04-26,Retainer April 2025 - Eventos Corporativos Espana,ingreso,7150.0,1501.5,8651.5,True
FAC-0898,CLI-012,Conservas Artesanas SL,Agroalimentario,Consultoria Internacional Recurrente,2025-04-26,Retainer April 2025 - Conservas Artesanas SL,ingreso,6050.0,1270.5,7320.5,True
FAC-0899,CLI-006,AppDigital Labs,Tecnologia,Consultoria Internacional Recurrente,2025-04-27,Retainer April 2025 - AppDigital Labs,ingreso,6600.0,1386.0,7986.0,True
FAC-0900,CLI-018,AutoParts Iberica SA,Bienes Industriales,Consultoria Internacional Recurrente,2025-04-27,Retainer April 2025 - AutoParts Iberica SA,ingreso,11550.0,2425.5,13975.5,True
FAC-0901,CLI-039,Iluminacion Decorativa SL,Bienes de Consumo,Consultoria Internacional Recurrente,2025-04-27,Retainer April 2025 - Iluminacion Decorativa SL,ingreso,9350.0,1963.5,11313.5,True
FAC-0902,CLI-026,Bodegas Solariego SA,Vinos y Bebidas,Consultoria Internacional Recurrente,2025-04-27,Retainer April 2025 - Bodegas Solariego SA,ingreso,10450.0,2194.5,12644.5,True
FAC-0903,CLI-030,HotelSun International SA,Turismo,Consultoria Internacional Recurrente,2025-04-27,Retainer April 2025 - HotelSun International SA,ingreso,13200.0,2772.0,15972.0,True
FAC-0904,,,,,2025-05-02,Nominas,gasto_fijo,187000.0,0.0,187000.0,True
FAC-0905,CLI-075,Agencia de Negocios Global,Turismo,Plan Integral de Internacionalizacion,2025-05-04,Plan Integral de Internacionalizacion - Agencia de Negocios Global - Factura 6/7,ingreso,2040.0,428.4,2468.4,True
FAC-0906,,,,,2025-05-11,Software y SaaS,gasto_fijo,6490.0,1362.9,7852.9,True
FAC-0907,,,,,2025-05-11,Seguros,gasto_fijo,1420.0,298.2,1718.2,True
FAC-0908,,,,,2025-05-12,Suministros,gasto_fijo,910.0,191.1,1101.1,True
FAC-0909,,,,,2025-05-12,Servicios profesionales,gasto_fijo,3960.0,831.6,4791.6,True
FAC-0910,,,,,2025-05-17,Material de oficina,gasto_fijo,690.0,144.9,834.9,True
FAC-0911,,,,,2025-05-19,Logistica y envios,gasto_variable,670.0,140.7,810.7,True
FAC-0912,,,,,2025-05-21,Alquiler oficina,gasto_fijo,5820.0,1222.2,7042.2,True
FAC-0913,CLI-010,Olivares del Mediterraneo,Agroalimentario,Consultoria Internacional Recurrente,2025-05-25,Retainer May 2025 - Olivares del Mediterraneo,ingreso,6820.0,1432.2,8252.2,True
FAC-0914,CLI-018,AutoParts Iberica SA,Bienes Industriales,Consultoria Internacional Recurrente,2025-05-25,Retainer May 2025 - AutoParts Iberica SA,ingreso,11020.0,2314.2,13334.2,True
FAC-0915,CLI-005,CyberSecure Consulting,Tecnologia,Consultoria Internacional Recurrente,2025-05-25,Retainer May 2025 - CyberSecure Consulting,ingreso,11550.0,2425.5,13975.5,True
FAC-0916,CLI-024,Vinedos del Valle SL,Vinos y Bebidas,Consultoria Internacional Recurrente,2025-05-25,Retainer May 2025 - Vinedos del Valle SL,ingreso,6300.0,1323.0,7623.0,True
FAC-0917,CLI-040,Textil Hogar Internacional,Bienes de Consumo,Consultoria Internacional Recurrente,2025-05-25,Retainer May 2025 - Textil Hogar Internacional,ingreso,7350.0,1543.5,8893.5,True
FAC-0918,CLI-012,Conservas Artesanas SL,Agroalimentario,Consultoria Internacional Recurrente,2025-05-25,Retainer May 2025 - Conservas Artesanas SL,ingreso,5780.0,1213.8,6993.8,True
FAC-0919,CLI-013,Aceites y Olivares SL,Agroalimentario,Consultoria Internacional Recurrente,2025-05-25,Retainer May 2025 - Aceites y Olivares SL,ingreso,10500.0,2205.0,12705.0,True
FAC-0920,CLI-020,ElecTech Sistemas SL,Bienes Industriales,Consultoria Internacional Recurrente,2025-05-25,Retainer May 2025 - ElecTech Sistemas SL,ingreso,8610.0,1808.1,10418.1,True
FAC-0921,CLI-021,EnerRenovables Solar SA,Bienes Industriales,Consultoria Internacional Recurrente,2025-05-25,Retainer May 2025 - EnerRenovables Solar SA,ingreso,10290.0,2160.9,12450.9,True
FAC-0922,CLI-003,CloudNet Espana SL,Tecnologia,Consultoria Internacional Recurrente,2025-05-25,Retainer May 2025 - CloudNet Espana SL,ingreso,8190.0,1719.9,9909.9,True
FAC-0923,CLI-014,Embotellados del Norte SL,Agroalimentario,Consultoria Internacional Recurrente,2025-05-25,Retainer May 2025 - Embotellados del Norte SL,ingreso,7880.0,1654.8,9534.8,True
FAC-0924,CLI-029,Destinos Globales SL,Turismo,Consultoria Internacional Recurrente,2025-05-26,Retainer May 2025 - Destinos Globales SL,ingreso,10500.0,2205.0,12705.0,True
FAC-0925,CLI-034,ModaExport Iberica SL,Bienes de Consumo,Consultoria Internacional Recurrente,2025-05-26,Retainer May 2025 - ModaExport Iberica SL,ingreso,9450.0,1984.5,11434.5,True
FAC-0926,CLI-016,Mecanica Precision SL,Bienes Industriales,Consultoria Internacional Recurrente,2025-05-26,Retainer May 2025 - Mecanica Precision SL,ingreso,9240.0,1940.4,11180.4,True
FAC-0927,CLI-033,Eventos Corporativos Espana,Turismo,Consultoria Internacional Recurrente,2025-05-26,Retainer May 2025 - Eventos Corporativos Espana,ingreso,6820.0,1432.2,8252.2,True
FAC-0928,CLI-007,BioTech Health SL,Tecnologia,Consultoria Internacional Recurrente,2025-05-26,Retainer May 2025 - BioTech Health SL,ingreso,8400.0,1764.0,10164.0,True
FAC-0929,CLI-002,DataSmart Systems SA,Tecnologia,Consultoria Internacional Recurrente,2025-05-26,Retainer May 2025 - DataSmart Systems SA,ingreso,10710.0,2249.1,12959.1,True
FAC-0930,CLI-031,Turismo Rural Experience SL,Turismo,Consultoria Internacional Recurrente,2025-05-26,Retainer May 2025 - Turismo Rural Experience SL,ingreso,7350.0,1543.5,8893.5,True
FAC-0931,CLI-023,Bodegas Montealto SA,Vinos y Bebidas,Consultoria Internacional Recurrente,2025-05-26,Retainer May 2025 - Bodegas Montealto SA,ingreso,8400.0,1764.0,10164.0,True
FAC-0932,CLI-022,Soluciones Logisticas ML,Bienes Industriales,Consultoria Internacional Recurrente,2025-05-26,Retainer May 2025 - Soluciones Logisticas ML,ingreso,7880.0,1654.8,9534.8,True
FAC-0933,CLI-035,Hogar Diseno SL,Bienes de Consumo,Consultoria Internacional Recurrente,2025-05-26,Retainer May 2025 - Hogar Diseno SL,ingreso,7560.0,1587.6,9147.6,True
FAC-0934,CLI-028,Gourmet Seleccion Espana,Vinos y Bebidas,Consultoria Internacional Recurrente,2025-05-26,Retainer May 2025 - Gourmet Seleccion Espana,ingreso,7560.0,1587.6,9147.6,True
FAC-0935,CLI-030,HotelSun International SA,Turismo,Consultoria Internacional Recurrente,2025-05-26,Retainer May 2025 - HotelSun International SA,ingreso,12600.0,2646.0,15246.0,True
FAC-0936,CLI-006,AppDigital Labs,Tecnologia,Consultoria Internacional Recurrente,2025-05-26,Retainer May 2025 - AppDigital Labs,ingreso,6300.0,1323.0,7623.0,True
FAC-0937,CLI-027,Cervezas Artesanas Gredos,Vinos y Bebidas,Consultoria Internacional Recurrente,2025-05-26,Retainer May 2025 - Cervezas Artesanas Gredos,ingreso,5460.0,1146.6,6606.6,True
FAC-0938,CLI-015,InduSteel Components SA,Bienes Industriales,Consultoria Internacional Recurrente,2025-05-27,Retainer May 2025 - InduSteel Components SA,ingreso,13120.0,2755.2,15875.2,True
FAC-0939,CLI-026,Bodegas Solariego SA,Vinos y Bebidas,Consultoria Internacional Recurrente,2025-05-27,Retainer May 2025 - Bodegas Solariego SA,ingreso,9980.0,2095.8,12075.8,True
FAC-0940,CLI-019,Construcciones Metalicas ML,Bienes Industriales,Consultoria Internacional Recurrente,2025-05-27,Retainer May 2025 - Construcciones Metalicas ML,ingreso,7350.0,1543.5,8893.5,True
FAC-0941,CLI-038,Calzado Artesano Export SL,Bienes de Consumo,Consultoria Internacional Recurrente,2025-05-27,Retainer May 2025 - Calzado Artesano Export SL,ingreso,6300.0,1323.0,7623.0,True
FAC-0942,CLI-036,Cosmeticos Natural SL,Bienes de Consumo,Consultoria Internacional Recurrente,2025-05-27,Retainer May 2025 - Cosmeticos Natural SL,ingreso,5250.0,1102.5,6352.5,True
FAC-0943,CLI-039,Iluminacion Decorativa SL,Bienes de Consumo,Consultoria Internacional Recurrente,2025-05-27,Retainer May 2025 - Iluminacion Decorativa SL,ingreso,8920.0,1873.2,10793.2,True
FAC-0944,CLI-004,Nexus Software Group,Tecnologia,Consultoria Internacional Recurrente,2025-05-27,Retainer May 2025 - Nexus Software Group,ingreso,9980.0,2095.8,12075.8,True
FAC-0945,CLI-037,Juguetes del Mediterraneo,Bienes de Consumo,Consultoria Internacional Recurrente,2025-05-27,Retainer May 2025 - Juguetes del Mediterraneo,ingreso,7880.0,1654.8,9534.8,True
FAC-0946,CLI-032,Viajes y Negocios Globales,Turismo,Consultoria Internacional Recurrente,2025-05-27,Retainer May 2025 - Viajes y Negocios Globales,ingreso,8920.0,1873.2,10793.2,True
FAC-0947,,,,,2025-06-01,Nominas,gasto_fijo,174260.0,0.0,174260.0,True
FAC-0948,,,,,2025-06-12,Seguros,gasto_fijo,1760.0,369.6,2129.6,True
FAC-0949,CLI-075,Agencia de Negocios Global,Turismo,Plan Integral de Internacionalizacion,2025-06-14,Plan Integral de Internacionalizacion - Agencia de Negocios Global - Factura 7/7,ingreso,6510.0,1367.1,7877.1,True
FAC-0950,,,,,2025-06-17,Material de oficina,gasto_fijo,410.0,86.1,496.1,True
FAC-0951,,,,,2025-06-19,Alquiler oficina,gasto_fijo,5600.0,1176.0,6776.0,True
FAC-0952,,,,,2025-06-22,Servicios profesionales,gasto_fijo,2740.0,575.4,3315.4,True
FAC-0953,CLI-056,Bodegas del Duero SA,Vinos y Bebidas,Campana de Marketing Internacional,2025-06-24,Campana de Marketing Internacional - Bodegas del Duero SA - Factura 1/2,ingreso,4510.0,947.1,5457.1,True
FAC-0954,,,,,2025-06-25,Software y SaaS,gasto_fijo,5660.0,1188.6,6848.6,True
FAC-0955,CLI-012,Conservas Artesanas SL,Agroalimentario,Consultoria Internacional Recurrente,2025-06-25,Retainer June 2025 - Conservas Artesanas SL,ingreso,5500.0,1155.0,6655.0,True
FAC-0956,CLI-027,Cervezas Artesanas Gredos,Vinos y Bebidas,Consultoria Internacional Recurrente,2025-06-25,Retainer June 2025 - Cervezas Artesanas Gredos,ingreso,5200.0,1092.0,6292.0,True
FAC-0957,CLI-021,EnerRenovables Solar SA,Bienes Industriales,Consultoria Internacional Recurrente,2025-06-25,Retainer June 2025 - EnerRenovables Solar SA,ingreso,9800.0,2058.0,11858.0,True
FAC-0958,CLI-015,InduSteel Components SA,Bienes Industriales,Consultoria Internacional Recurrente,2025-06-25,Retainer June 2025 - InduSteel Components SA,ingreso,12500.0,2625.0,15125.0,True
FAC-0959,,,,,2025-06-25,Suministros,gasto_fijo,800.0,168.0,968.0,True
FAC-0960,CLI-029,Destinos Globales SL,Turismo,Consultoria Internacional Recurrente,2025-06-25,Retainer June 2025 - Destinos Globales SL,ingreso,10000.0,2100.0,12100.0,True
FAC-0961,CLI-018,AutoParts Iberica SA,Bienes Industriales,Consultoria Internacional Recurrente,2025-06-25,Retainer June 2025 - AutoParts Iberica SA,ingreso,10500.0,2205.0,12705.0,True
FAC-0962,CLI-036,Cosmeticos Natural SL,Bienes de Consumo,Consultoria Internacional Recurrente,2025-06-25,Retainer June 2025 - Cosmeticos Natural SL,ingreso,5000.0,1050.0,6050.0,True
FAC-0963,CLI-003,CloudNet Espana SL,Tecnologia,Consultoria Internacional Recurrente,2025-06-25,Retainer June 2025 - CloudNet Espana SL,ingreso,7800.0,1638.0,9438.0,True
FAC-0964,CLI-002,DataSmart Systems SA,Tecnologia,Consultoria Internacional Recurrente,2025-06-25,Retainer June 2025 - DataSmart Systems SA,ingreso,10200.0,2142.0,12342.0,True
FAC-0965,CLI-028,Gourmet Seleccion Espana,Vinos y Bebidas,Consultoria Internacional Recurrente,2025-06-25,Retainer June 2025 - Gourmet Seleccion Espana,ingreso,7200.0,1512.0,8712.0,True
FAC-0966,CLI-037,Juguetes del Mediterraneo,Bienes de Consumo,Consultoria Internacional Recurrente,2025-06-25,Retainer June 2025 - Juguetes del Mediterraneo,ingreso,7500.0,1575.0,9075.0,True
FAC-0967,CLI-005,CyberSecure Consulting,Tecnologia,Consultoria Internacional Recurrente,2025-06-25,Retainer June 2025 - CyberSecure Consulting,ingreso,11000.0,2310.0,13310.0,True
FAC-0968,CLI-034,ModaExport Iberica SL,Bienes de Consumo,Consultoria Internacional Recurrente,2025-06-26,Retainer June 2025 - ModaExport Iberica SL,ingreso,9000.0,1890.0,10890.0,True
FAC-0969,CLI-031,Turismo Rural Experience SL,Turismo,Consultoria Internacional Recurrente,2025-06-26,Retainer June 2025 - Turismo Rural Experience SL,ingreso,7000.0,1470.0,8470.0,True
FAC-0970,CLI-013,Aceites y Olivares SL,Agroalimentario,Consultoria Internacional Recurrente,2025-06-26,Retainer June 2025 - Aceites y Olivares SL,ingreso,10000.0,2100.0,12100.0,True
FAC-0971,CLI-039,Iluminacion Decorativa SL,Bienes de Consumo,Consultoria Internacional Recurrente,2025-06-26,Retainer June 2025 - Iluminacion Decorativa SL,ingreso,8500.0,1785.0,10285.0,True
FAC-0972,CLI-040,Textil Hogar Internacional,Bienes de Consumo,Consultoria Internacional Recurrente,2025-06-26,Retainer June 2025 - Textil Hogar Internacional,ingreso,7000.0,1470.0,8470.0,True
FAC-0973,CLI-030,HotelSun International SA,Turismo,Consultoria Internacional Recurrente,2025-06-26,Retainer June 2025 - HotelSun International SA,ingreso,12000.0,2520.0,14520.0,True
FAC-0974,CLI-066,Finca Ecologica SL,Agroalimentario,Plan Integral de Internacionalizacion,2025-06-26,Plan Integral de Internacionalizacion - Finca Ecologica SL - Factura 2/4,ingreso,14290.0,3000.9,17290.9,True
FAC-0975,CLI-035,Hogar Diseno SL,Bienes de Consumo,Consultoria Internacional Recurrente,2025-06-26,Retainer June 2025 - Hogar Diseno SL,ingreso,7200.0,1512.0,8712.0,True
FAC-0976,CLI-006,AppDigital Labs,Tecnologia,Consultoria Internacional Recurrente,2025-06-26,Retainer June 2025 - AppDigital Labs,ingreso,6000.0,1260.0,7260.0,True
FAC-0977,CLI-016,Mecanica Precision SL,Bienes Industriales,Consultoria Internacional Recurrente,2025-06-26,Retainer June 2025 - Mecanica Precision SL,ingreso,8800.0,1848.0,10648.0,True
FAC-0978,CLI-020,ElecTech Sistemas SL,Bienes Industriales,Consultoria Internacional Recurrente,2025-06-26,Retainer June 2025 - ElecTech Sistemas SL,ingreso,8200.0,1722.0,9922.0,True
FAC-0979,CLI-023,Bodegas Montealto SA,Vinos y Bebidas,Consultoria Internacional Recurrente,2025-06-26,Retainer June 2025 - Bodegas Montealto SA,ingreso,8000.0,1680.0,9680.0,True
FAC-0980,CLI-022,Soluciones Logisticas ML,Bienes Industriales,Consultoria Internacional Recurrente,2025-06-26,Retainer June 2025 - Soluciones Logisticas ML,ingreso,7500.0,1575.0,9075.0,True
FAC-0981,CLI-038,Calzado Artesano Export SL,Bienes de Consumo,Consultoria Internacional Recurrente,2025-06-27,Retainer June 2025 - Calzado Artesano Export SL,ingreso,6000.0,1260.0,7260.0,True
FAC-0982,CLI-032,Viajes y Negocios Globales,Turismo,Consultoria Internacional Recurrente,2025-06-27,Retainer June 2025 - Viajes y Negocios Globales,ingreso,8500.0,1785.0,10285.0,True
FAC-0983,CLI-024,Vinedos del Valle SL,Vinos y Bebidas,Consultoria Internacional Recurrente,2025-06-27,Retainer June 2025 - Vinedos del Valle SL,ingreso,6000.0,1260.0,7260.0,True
FAC-0984,CLI-007,BioTech Health SL,Tecnologia,Consultoria Internacional Recurrente,2025-06-27,Retainer June 2025 - BioTech Health SL,ingreso,8000.0,1680.0,9680.0,True
FAC-0985,CLI-026,Bodegas Solariego SA,Vinos y Bebidas,Consultoria Internacional Recurrente,2025-06-27,Retainer June 2025 - Bodegas Solariego SA,ingreso,9500.0,1995.0,11495.0,True
FAC-0986,CLI-033,Eventos Corporativos Espana,Turismo,Consultoria Internacional Recurrente,2025-06-27,Retainer June 2025 - Eventos Corporativos Espana,ingreso,6500.0,1365.0,7865.0,True
FAC-0987,CLI-014,Embotellados del Norte SL,Agroalimentario,Consultoria Internacional Recurrente,2025-06-27,Retainer June 2025 - Embotellados del Norte SL,ingreso,7500.0,1575.0,9075.0,True
FAC-0988,CLI-004,Nexus Software Group,Tecnologia,Consultoria Internacional Recurrente,2025-06-27,Retainer June 2025 - Nexus Software Group,ingreso,9500.0,1995.0,11495.0,True
FAC-0989,CLI-010,Olivares del Mediterraneo,Agroalimentario,Consultoria Internacional Recurrente,2025-06-27,Retainer June 2025 - Olivares del Mediterraneo,ingreso,6500.0,1365.0,7865.0,True
FAC-0990,CLI-019,Construcciones Metalicas ML,Bienes Industriales,Consultoria Internacional Recurrente,2025-06-27,Retainer June 2025 - Construcciones Metalicas ML,ingreso,7000.0,1470.0,8470.0,True
FAC-0991,,,,,2025-07-04,Nominas,gasto_fijo,183500.0,0.0,183500.0,True
FAC-0992,,,,,2025-07-06,Alquiler stands ferias,gasto_variable,5120.0,1075.2,6195.2,True
FAC-0993,,,,,2025-07-10,Software y SaaS,gasto_fijo,5520.0,1159.2,6679.2,True
FAC-0994,,,,,2025-07-11,Servicios profesionales,gasto_fijo,2630.0,552.3,3182.3,True
FAC-0995,,,,,2025-07-13,Material de oficina,gasto_fijo,550.0,115.5,665.5,True
FAC-0996,,,,,2025-07-15,Alquiler oficina,gasto_fijo,5760.0,1209.6,6969.6,True
FAC-0997,CLI-056,Bodegas del Duero SA,Vinos y Bebidas,Campana de Marketing Internacional,2025-07-17,Campana de Marketing Internacional - Bodegas del Duero SA - Factura 2/2,ingreso,9190.0,1929.9,11119.9,True
FAC-0998,,,,,2025-07-17,Suministros,gasto_fijo,1250.0,262.5,1512.5,True
FAC-0999,,,,,2025-07-21,Seguros,gasto_fijo,1670.0,350.7,2020.7,True
FAC-1000,CLI-048,Bioagro Export SL,Agroalimentario,Plan Integral de Internacionalizacion,2025-07-21,Plan Integral de Internacionalizacion - Bioagro Export SL - Factura 3/3,ingreso,25880.0,5434.8,31314.8,True
FAC-1001,,,,,2025-07-23,IVA Trimestral,gasto_trimestral,48420.0,0.0,48420.0,True
FAC-1002,CLI-015,InduSteel Components SA,Bienes Industriales,Consultoria Internacional Recurrente,2025-07-25,Retainer July 2025 - InduSteel Components SA,ingreso,11250.0,2362.5,13612.5,True
FAC-1003,CLI-018,AutoParts Iberica SA,Bienes Industriales,Consultoria Internacional Recurrente,2025-07-25,Retainer July 2025 - AutoParts Iberica SA,ingreso,9450.0,1984.5,11434.5,True
FAC-1004,CLI-006,AppDigital Labs,Tecnologia,Consultoria Internacional Recurrente,2025-07-25,Retainer July 2025 - AppDigital Labs,ingreso,5400.0,1134.0,6534.0,True
FAC-1005,CLI-010,Olivares del Mediterraneo,Agroalimentario,Consultoria Internacional Recurrente,2025-07-25,Retainer July 2025 - Olivares del Mediterraneo,ingreso,5850.0,1228.5,7078.5,True
FAC-1006,CLI-037,Juguetes del Mediterraneo,Bienes de Consumo,Consultoria Internacional Recurrente,2025-07-25,Retainer July 2025 - Juguetes del Mediterraneo,ingreso,6750.0,1417.5,8167.5,True
FAC-1007,CLI-022,Soluciones Logisticas ML,Bienes Industriales,Consultoria Internacional Recurrente,2025-07-25,Retainer July 2025 - Soluciones Logisticas ML,ingreso,6750.0,1417.5,8167.5,True
FAC-1008,CLI-005,CyberSecure Consulting,Tecnologia,Consultoria Internacional Recurrente,2025-07-25,Retainer July 2025 - CyberSecure Consulting,ingreso,9900.0,2079.0,11979.0,True
FAC-1009,CLI-030,HotelSun International SA,Turismo,Consultoria Internacional Recurrente,2025-07-25,Retainer July 2025 - HotelSun International SA,ingreso,10800.0,2268.0,13068.0,True
FAC-1010,CLI-028,Gourmet Seleccion Espana,Vinos y Bebidas,Consultoria Internacional Recurrente,2025-07-26,Retainer July 2025 - Gourmet Seleccion Espana,ingreso,6480.0,1360.8,7840.8,True
FAC-1011,CLI-038,Calzado Artesano Export SL,Bienes de Consumo,Consultoria Internacional Recurrente,2025-07-26,Retainer July 2025 - Calzado Artesano Export SL,ingreso,5400.0,1134.0,6534.0,True
FAC-1012,CLI-024,Vinedos del Valle SL,Vinos y Bebidas,Consultoria Internacional Recurrente,2025-07-26,Retainer July 2025 - Vinedos del Valle SL,ingreso,5400.0,1134.0,6534.0,True
FAC-1013,CLI-032,Viajes y Negocios Globales,Turismo,Consultoria Internacional Recurrente,2025-07-26,Retainer July 2025 - Viajes y Negocios Globales,ingreso,7650.0,1606.5,9256.5,True
FAC-1014,CLI-036,Cosmeticos Natural SL,Bienes de Consumo,Consultoria Internacional Recurrente,2025-07-26,Retainer July 2025 - Cosmeticos Natural SL,ingreso,4500.0,945.0,5445.0,True
FAC-1015,CLI-027,Cervezas Artesanas Gredos,Vinos y Bebidas,Consultoria Internacional Recurrente,2025-07-26,Retainer July 2025 - Cervezas Artesanas Gredos,ingreso,4680.0,982.8,5662.8,True
FAC-1016,CLI-012,Conservas Artesanas SL,Agroalimentario,Consultoria Internacional Recurrente,2025-07-26,Retainer July 2025 - Conservas Artesanas SL,ingreso,4950.0,1039.5,5989.5,True
FAC-1017,CLI-004,Nexus Software Group,Tecnologia,Consultoria Internacional Recurrente,2025-07-26,Retainer July 2025 - Nexus Software Group,ingreso,8550.0,1795.5,10345.5,True
FAC-1018,CLI-002,DataSmart Systems SA,Tecnologia,Consultoria Internacional Recurrente,2025-07-26,Retainer July 2025 - DataSmart Systems SA,ingreso,9180.0,1927.8,11107.8,True
FAC-1019,CLI-019,Construcciones Metalicas ML,Bienes Industriales,Consultoria Internacional Recurrente,2025-07-26,Retainer July 2025 - Construcciones Metalicas ML,ingreso,6300.0,1323.0,7623.0,True
FAC-1020,CLI-016,Mecanica Precision SL,Bienes Industriales,Consultoria Internacional Recurrente,2025-07-26,Retainer July 2025 - Mecanica Precision SL,ingreso,7920.0,1663.2,9583.2,True
FAC-1021,CLI-033,Eventos Corporativos Espana,Turismo,Consultoria Internacional Recurrente,2025-07-26,Retainer July 2025 - Eventos Corporativos Espana,ingreso,5850.0,1228.5,7078.5,True
FAC-1022,CLI-035,Hogar Diseno SL,Bienes de Consumo,Consultoria Internacional Recurrente,2025-07-26,Retainer July 2025 - Hogar Diseno SL,ingreso,6480.0,1360.8,7840.8,True
FAC-1023,CLI-031,Turismo Rural Experience SL,Turismo,Consultoria Internacional Recurrente,2025-07-26,Retainer July 2025 - Turismo Rural Experience SL,ingreso,6300.0,1323.0,7623.0,True
FAC-1024,CLI-039,Iluminacion Decorativa SL,Bienes de Consumo,Consultoria Internacional Recurrente,2025-07-26,Retainer July 2025 - Iluminacion Decorativa SL,ingreso,7650.0,1606.5,9256.5,True
FAC-1025,CLI-021,EnerRenovables Solar SA,Bienes Industriales,Consultoria Internacional Recurrente,2025-07-27,Retainer July 2025 - EnerRenovables Solar SA,ingreso,8820.0,1852.2,10672.2,True
FAC-1026,CLI-020,ElecTech Sistemas SL,Bienes Industriales,Consultoria Internacional Recurrente,2025-07-27,Retainer July 2025 - ElecTech Sistemas SL,ingreso,7380.0,1549.8,8929.8,True
FAC-1027,CLI-023,Bodegas Montealto SA,Vinos y Bebidas,Consultoria Internacional Recurrente,2025-07-27,Retainer July 2025 - Bodegas Montealto SA,ingreso,7200.0,1512.0,8712.0,True
FAC-1028,CLI-034,ModaExport Iberica SL,Bienes de Consumo,Consultoria Internacional Recurrente,2025-07-27,Retainer July 2025 - ModaExport Iberica SL,ingreso,8100.0,1701.0,9801.0,True
FAC-1029,CLI-040,Textil Hogar Internacional,Bienes de Consumo,Consultoria Internacional Recurrente,2025-07-27,Retainer July 2025 - Textil Hogar Internacional,ingreso,6300.0,1323.0,7623.0,True
FAC-1030,CLI-003,CloudNet Espana SL,Tecnologia,Consultoria Internacional Recurrente,2025-07-27,Retainer July 2025 - CloudNet Espana SL,ingreso,7020.0,1474.2,8494.2,True
FAC-1031,CLI-026,Bodegas Solariego SA,Vinos y Bebidas,Consultoria Internacional Recurrente,2025-07-27,Retainer July 2025 - Bodegas Solariego SA,ingreso,8550.0,1795.5,10345.5,True
FAC-1032,CLI-013,Aceites y Olivares SL,Agroalimentario,Consultoria Internacional Recurrente,2025-07-27,Retainer July 2025 - Aceites y Olivares SL,ingreso,9000.0,1890.0,10890.0,True
FAC-1033,CLI-029,Destinos Globales SL,Turismo,Consultoria Internacional Recurrente,2025-07-27,Retainer July 2025 - Destinos Globales SL,ingreso,9000.0,1890.0,10890.0,True
FAC-1034,CLI-007,BioTech Health SL,Tecnologia,Consultoria Internacional Recurrente,2025-07-27,Retainer July 2025 - BioTech Health SL,ingreso,7200.0,1512.0,8712.0,True
FAC-1035,CLI-014,Embotellados del Norte SL,Agroalimentario,Consultoria Internacional Recurrente,2025-07-27,Retainer July 2025 - Embotellados del Norte SL,ingreso,6750.0,1417.5,8167.5,True
FAC-1036,,,,,2025-08-01,Nominas,gasto_fijo,177640.0,0.0,177640.0,True
FAC-1037,,,,,2025-08-13,Alquiler oficina,gasto_fijo,6370.0,1337.7,7707.7,True
FAC-1038,,,,,2025-08-14,Seguros,gasto_fijo,1430.0,300.3,1730.3,True
FAC-1039,,,,,2025-08-15,Suministros,gasto_fijo,1350.0,283.5,1633.5,True
FAC-1040,,,,,2025-08-19,Material de oficina,gasto_fijo,670.0,140.7,810.7,True
FAC-1041,,,,,2025-08-20,Software y SaaS,gasto_fijo,5440.0,1142.4,6582.4,True
FAC-1042,,,,,2025-08-21,Servicios profesionales,gasto_fijo,4360.0,915.6,5275.6,True
FAC-1043,CLI-035,Hogar Diseno SL,Bienes de Consumo,Consultoria Internacional Recurrente,2025-08-25,Retainer August 2025 - Hogar Diseno SL,ingreso,4320.0,907.2,5227.2,True
FAC-1044,CLI-027,Cervezas Artesanas Gredos,Vinos y Bebidas,Consultoria Internacional Recurrente,2025-08-25,Retainer August 2025 - Cervezas Artesanas Gredos,ingreso,3120.0,655.2,3775.2,True
FAC-1045,CLI-003,CloudNet Espana SL,Tecnologia,Consultoria Internacional Recurrente,2025-08-25,Retainer August 2025 - CloudNet Espana SL,ingreso,4680.0,982.8,5662.8,True
FAC-1046,CLI-010,Olivares del Mediterraneo,Agroalimentario,Consultoria Internacional Recurrente,2025-08-25,Retainer August 2025 - Olivares del Mediterraneo,ingreso,3900.0,819.0,4719.0,True
FAC-1047,CLI-023,Bodegas Montealto SA,Vinos y Bebidas,Consultoria Internacional Recurrente,2025-08-25,Retainer August 2025 - Bodegas Montealto SA,ingreso,4800.0,1008.0,5808.0,True
FAC-1048,CLI-026,Bodegas Solariego SA,Vinos y Bebidas,Consultoria Internacional Recurrente,2025-08-25,Retainer August 2025 - Bodegas Solariego SA,ingreso,5700.0,1197.0,6897.0,True
FAC-1049,CLI-015,InduSteel Components SA,Bienes Industriales,Consultoria Internacional Recurrente,2025-08-25,Retainer August 2025 - InduSteel Components SA,ingreso,7500.0,1575.0,9075.0,True
FAC-1050,CLI-021,EnerRenovables Solar SA,Bienes Industriales,Consultoria Internacional Recurrente,2025-08-25,Retainer August 2025 - EnerRenovables Solar SA,ingreso,5880.0,1234.8,7114.8,True
FAC-1051,CLI-024,Vinedos del Valle SL,Vinos y Bebidas,Consultoria Internacional Recurrente,2025-08-25,Retainer August 2025 - Vinedos del Valle SL,ingreso,3600.0,756.0,4356.0,True
FAC-1052,CLI-022,Soluciones Logisticas ML,Bienes Industriales,Consultoria Internacional Recurrente,2025-08-25,Retainer August 2025 - Soluciones Logisticas ML,ingreso,4500.0,945.0,5445.0,True
FAC-1053,CLI-029,Destinos Globales SL,Turismo,Consultoria Internacional Recurrente,2025-08-25,Retainer August 2025 - Destinos Globales SL,ingreso,6000.0,1260.0,7260.0,True
FAC-1054,CLI-039,Iluminacion Decorativa SL,Bienes de Consumo,Consultoria Internacional Recurrente,2025-08-25,Retainer August 2025 - Iluminacion Decorativa SL,ingreso,5100.0,1071.0,6171.0,True
FAC-1055,CLI-006,AppDigital Labs,Tecnologia,Consultoria Internacional Recurrente,2025-08-26,Retainer August 2025 - AppDigital Labs,ingreso,3600.0,756.0,4356.0,True
FAC-1056,CLI-030,HotelSun International SA,Turismo,Consultoria Internacional Recurrente,2025-08-26,Retainer August 2025 - HotelSun International SA,ingreso,7200.0,1512.0,8712.0,True
FAC-1057,CLI-034,ModaExport Iberica SL,Bienes de Consumo,Consultoria Internacional Recurrente,2025-08-26,Retainer August 2025 - ModaExport Iberica SL,ingreso,5400.0,1134.0,6534.0,True
FAC-1058,CLI-032,Viajes y Negocios Globales,Turismo,Consultoria Internacional Recurrente,2025-08-26,Retainer August 2025 - Viajes y Negocios Globales,ingreso,5100.0,1071.0,6171.0,True
FAC-1059,CLI-037,Juguetes del Mediterraneo,Bienes de Consumo,Consultoria Internacional Recurrente,2025-08-26,Retainer August 2025 - Juguetes del Mediterraneo,ingreso,4500.0,945.0,5445.0,True
FAC-1060,CLI-007,BioTech Health SL,Tecnologia,Consultoria Internacional Recurrente,2025-08-26,Retainer August 2025 - BioTech Health SL,ingreso,4800.0,1008.0,5808.0,True
FAC-1061,CLI-036,Cosmeticos Natural SL,Bienes de Consumo,Consultoria Internacional Recurrente,2025-08-26,Retainer August 2025 - Cosmeticos Natural SL,ingreso,3000.0,630.0,3630.0,True
FAC-1062,CLI-014,Embotellados del Norte SL,Agroalimentario,Consultoria Internacional Recurrente,2025-08-26,Retainer August 2025 - Embotellados del Norte SL,ingreso,4500.0,945.0,5445.0,True
FAC-1063,CLI-016,Mecanica Precision SL,Bienes Industriales,Consultoria Internacional Recurrente,2025-08-26,Retainer August 2025 - Mecanica Precision SL,ingreso,5280.0,1108.8,6388.8,True
FAC-1064,CLI-038,Calzado Artesano Export SL,Bienes de Consumo,Consultoria Internacional Recurrente,2025-08-26,Retainer August 2025 - Calzado Artesano Export SL,ingreso,3600.0,756.0,4356.0,True
FAC-1065,CLI-033,Eventos Corporativos Espana,Turismo,Consultoria Internacional Recurrente,2025-08-27,Retainer August 2025 - Eventos Corporativos Espana,ingreso,3900.0,819.0,4719.0,True
FAC-1066,CLI-019,Construcciones Metalicas ML,Bienes Industriales,Consultoria Internacional Recurrente,2025-08-27,Retainer August 2025 - Construcciones Metalicas ML,ingreso,4200.0,882.0,5082.0,True
FAC-1067,CLI-002,DataSmart Systems SA,Tecnologia,Consultoria Internacional Recurrente,2025-08-27,Retainer August 2025 - DataSmart Systems SA,ingreso,6120.0,1285.2,7405.2,True
FAC-1068,CLI-040,Textil Hogar Internacional,Bienes de Consumo,Consultoria Internacional Recurrente,2025-08-27,Retainer August 2025 - Textil Hogar Internacional,ingreso,4200.0,882.0,5082.0,True
FAC-1069,CLI-012,Conservas Artesanas SL,Agroalimentario,Consultoria Internacional Recurrente,2025-08-27,Retainer August 2025 - Conservas Artesanas SL,ingreso,3300.0,693.0,3993.0,True
FAC-1070,CLI-013,Aceites y Olivares SL,Agroalimentario,Consultoria Internacional Recurrente,2025-08-27,Retainer August 2025 - Aceites y Olivares SL,ingreso,6000.0,1260.0,7260.0,True
FAC-1071,CLI-005,CyberSecure Consulting,Tecnologia,Consultoria Internacional Recurrente,2025-08-27,Retainer August 2025 - CyberSecure Consulting,ingreso,6600.0,1386.0,7986.0,True
FAC-1072,CLI-020,ElecTech Sistemas SL,Bienes Industriales,Consultoria Internacional Recurrente,2025-08-27,Retainer August 2025 - ElecTech Sistemas SL,ingreso,4920.0,1033.2,5953.2,True
FAC-1073,CLI-028,Gourmet Seleccion Espana,Vinos y Bebidas,Consultoria Internacional Recurrente,2025-08-27,Retainer August 2025 - Gourmet Seleccion Espana,ingreso,4320.0,907.2,5227.2,True
FAC-1074,CLI-031,Turismo Rural Experience SL,Turismo,Consultoria Internacional Recurrente,2025-08-27,Retainer August 2025 - Turismo Rural Experience SL,ingreso,4200.0,882.0,5082.0,True
FAC-1075,CLI-018,AutoParts Iberica SA,Bienes Industriales,Consultoria Internacional Recurrente,2025-08-27,Retainer August 2025 - AutoParts Iberica SA,ingreso,6300.0,1323.0,7623.0,True
FAC-1076,CLI-004,Nexus Software Group,Tecnologia,Consultoria Internacional Recurrente,2025-08-27,Retainer August 2025 - Nexus Software Group,ingreso,5700.0,1197.0,6897.0,True
FAC-1077,,,,,2025-09-02,Nominas,gasto_fijo,191950.0,0.0,191950.0,True
FAC-1078,CLI-066,Finca Ecologica SL,Agroalimentario,Plan Integral de Internacionalizacion,2025-09-07,Plan Integral de Internacionalizacion - Finca Ecologica SL - Factura 3/4,ingreso,5720.0,1201.2,6921.2,True
FAC-1079,CLI-054,Conservas del Atlantico SA,Agroalimentario,Plan Integral de Internacionalizacion,2025-09-07,Plan Integral de Internacionalizacion - Conservas del Atlantico SA - Factura 1/6,ingreso,17940.0,3767.4,21707.4,True
FAC-1080,,,,,2025-09-11,Servicios profesionales,gasto_fijo,2950.0,619.5,3569.5,True
FAC-1081,,,,,2025-09-12,Seguros,gasto_fijo,1300.0,273.0,1573.0,True
FAC-1082,CLI-070,Complementos de Moda SL,Bienes de Consumo,Plan Integral de Internacionalizacion,2025-09-12,Plan Integral de Internacionalizacion - Complementos de Moda SL - Factura 1/6,ingreso,5320.0,1117.2,6437.2,True
FAC-1083,,,,,2025-09-23,Software y SaaS,gasto_fijo,4200.0,882.0,5082.0,True
FAC-1084,,,,,2025-09-23,Material de oficina,gasto_fijo,890.0,186.9,1076.9,True
FAC-1085,,,,,2025-09-23,Alquiler oficina,gasto_fijo,6310.0,1325.1,7635.1,True
FAC-1086,CLI-012,Conservas Artesanas SL,Agroalimentario,Consultoria Internacional Recurrente,2025-09-25,Retainer September 2025 - Conservas Artesanas SL,ingreso,6050.0,1270.5,7320.5,True
FAC-1087,CLI-010,Olivares del Mediterraneo,Agroalimentario,Consultoria Internacional Recurrente,2025-09-25,Retainer September 2025 - Olivares del Mediterraneo,ingreso,7150.0,1501.5,8651.5,True
FAC-1088,CLI-018,AutoParts Iberica SA,Bienes Industriales,Consultoria Internacional Recurrente,2025-09-25,Retainer September 2025 - AutoParts Iberica SA,ingreso,11550.0,2425.5,13975.5,True
FAC-1089,CLI-003,CloudNet Espana SL,Tecnologia,Consultoria Internacional Recurrente,2025-09-25,Retainer September 2025 - CloudNet Espana SL,ingreso,8580.0,1801.8,10381.8,True
FAC-1090,,,,,2025-09-25,Suministros,gasto_fijo,930.0,195.3,1125.3,True
FAC-1091,CLI-019,Construcciones Metalicas ML,Bienes Industriales,Consultoria Internacional Recurrente,2025-09-25,Retainer September 2025 - Construcciones Metalicas ML,ingreso,7700.0,1617.0,9317.0,True
FAC-1092,CLI-040,Textil Hogar Internacional,Bienes de Consumo,Consultoria Internacional Recurrente,2025-09-25,Retainer September 2025 - Textil Hogar Internacional,ingreso,7700.0,1617.0,9317.0,True
FAC-1093,CLI-024,Vinedos del Valle SL,Vinos y Bebidas,Consultoria Internacional Recurrente,2025-09-25,Retainer September 2025 - Vinedos del Valle SL,ingreso,6600.0,1386.0,7986.0,True
FAC-1094,CLI-026,Bodegas Solariego SA,Vinos y Bebidas,Consultoria Internacional Recurrente,2025-09-25,Retainer September 2025 - Bodegas Solariego SA,ingreso,10450.0,2194.5,12644.5,True
FAC-1095,CLI-027,Cervezas Artesanas Gredos,Vinos y Bebidas,Consultoria Internacional Recurrente,2025-09-25,Retainer September 2025 - Cervezas Artesanas Gredos,ingreso,5720.0,1201.2,6921.2,True
FAC-1096,CLI-020,ElecTech Sistemas SL,Bienes Industriales,Consultoria Internacional Recurrente,2025-09-25,Retainer September 2025 - ElecTech Sistemas SL,ingreso,9020.0,1894.2,10914.2,True
FAC-1097,CLI-034,ModaExport Iberica SL,Bienes de Consumo,Consultoria Internacional Recurrente,2025-09-25,Retainer September 2025 - ModaExport Iberica SL,ingreso,9900.0,2079.0,11979.0,True
FAC-1098,CLI-023,Bodegas Montealto SA,Vinos y Bebidas,Consultoria Internacional Recurrente,2025-09-25,Retainer September 2025 - Bodegas Montealto SA,ingreso,8800.0,1848.0,10648.0,True
FAC-1099,CLI-029,Destinos Globales SL,Turismo,Consultoria Internacional Recurrente,2025-09-26,Retainer September 2025 - Destinos Globales SL,ingreso,11000.0,2310.0,13310.0,True
FAC-1100,CLI-021,EnerRenovables Solar SA,Bienes Industriales,Consultoria Internacional Recurrente,2025-09-26,Retainer September 2025 - EnerRenovables Solar SA,ingreso,10780.0,2263.8,13043.8,True
FAC-1101,CLI-005,CyberSecure Consulting,Tecnologia,Consultoria Internacional Recurrente,2025-09-26,Retainer September 2025 - CyberSecure Consulting,ingreso,12100.0,2541.0,14641.0,True
FAC-1102,CLI-037,Juguetes del Mediterraneo,Bienes de Consumo,Consultoria Internacional Recurrente,2025-09-26,Retainer September 2025 - Juguetes del Mediterraneo,ingreso,8250.0,1732.5,9982.5,True
FAC-1103,CLI-016,Mecanica Precision SL,Bienes Industriales,Consultoria Internacional Recurrente,2025-09-26,Retainer September 2025 - Mecanica Precision SL,ingreso,9680.0,2032.8,11712.8,True
FAC-1104,CLI-035,Hogar Diseno SL,Bienes de Consumo,Consultoria Internacional Recurrente,2025-09-26,Retainer September 2025 - Hogar Diseno SL,ingreso,7920.0,1663.2,9583.2,True
FAC-1105,CLI-036,Cosmeticos Natural SL,Bienes de Consumo,Consultoria Internacional Recurrente,2025-09-26,Retainer September 2025 - Cosmeticos Natural SL,ingreso,5500.0,1155.0,6655.0,True
FAC-1106,CLI-006,AppDigital Labs,Tecnologia,Consultoria Internacional Recurrente,2025-09-26,Retainer September 2025 - AppDigital Labs,ingreso,6600.0,1386.0,7986.0,True
FAC-1107,CLI-033,Eventos Corporativos Espana,Turismo,Consultoria Internacional Recurrente,2025-09-26,Retainer September 2025 - Eventos Corporativos Espana,ingreso,7150.0,1501.5,8651.5,True
FAC-1108,CLI-038,Calzado Artesano Export SL,Bienes de Consumo,Consultoria Internacional Recurrente,2025-09-26,Retainer September 2025 - Calzado Artesano Export SL,ingreso,6600.0,1386.0,7986.0,True
FAC-1109,CLI-030,HotelSun International SA,Turismo,Consultoria Internacional Recurrente,2025-09-26,Retainer September 2025 - HotelSun International SA,ingreso,13200.0,2772.0,15972.0,True
FAC-1110,CLI-007,BioTech Health SL,Tecnologia,Consultoria Internacional Recurrente,2025-09-26,Retainer September 2025 - BioTech Health SL,ingreso,8800.0,1848.0,10648.0,True
FAC-1111,CLI-015,InduSteel Components SA,Bienes Industriales,Consultoria Internacional Recurrente,2025-09-27,Retainer September 2025 - InduSteel Components SA,ingreso,13750.0,2887.5,16637.5,True
FAC-1112,CLI-028,Gourmet Seleccion Espana,Vinos y Bebidas,Consultoria Internacional Recurrente,2025-09-27,Retainer September 2025 - Gourmet Seleccion Espana,ingreso,7920.0,1663.2,9583.2,True
FAC-1113,CLI-039,Iluminacion Decorativa SL,Bienes de Consumo,Consultoria Internacional Recurrente,2025-09-27,Retainer September 2025 - Iluminacion Decorativa SL,ingreso,9350.0,1963.5,11313.5,True
FAC-1114,CLI-004,Nexus Software Group,Tecnologia,Consultoria Internacional Recurrente,2025-09-27,Retainer September 2025 - Nexus Software Group,ingreso,10450.0,2194.5,12644.5,True
FAC-1115,CLI-013,Aceites y Olivares SL,Agroalimentario,Consultoria Internacional Recurrente,2025-09-27,Retainer September 2025 - Aceites y Olivares SL,ingreso,11000.0,2310.0,13310.0,True
FAC-1116,CLI-014,Embotellados del Norte SL,Agroalimentario,Consultoria Internacional Recurrente,2025-09-27,Retainer September 2025 - Embotellados del Norte SL,ingreso,8250.0,1732.5,9982.5,True
FAC-1117,CLI-031,Turismo Rural Experience SL,Turismo,Consultoria Internacional Recurrente,2025-09-27,Retainer September 2025 - Turismo Rural Experience SL,ingreso,7700.0,1617.0,9317.0,True
FAC-1118,CLI-002,DataSmart Systems SA,Tecnologia,Consultoria Internacional Recurrente,2025-09-27,Retainer September 2025 - DataSmart Systems SA,ingreso,11220.0,2356.2,13576.2,True
FAC-1119,CLI-032,Viajes y Negocios Globales,Turismo,Consultoria Internacional Recurrente,2025-09-27,Retainer September 2025 - Viajes y Negocios Globales,ingreso,9350.0,1963.5,11313.5,True
FAC-1120,CLI-022,Soluciones Logisticas ML,Bienes Industriales,Consultoria Internacional Recurrente,2025-09-27,Retainer September 2025 - Soluciones Logisticas ML,ingreso,8250.0,1732.5,9982.5,True
FAC-1121,,,,,2025-10-01,Nominas,gasto_fijo,184380.0,0.0,184380.0,True
FAC-1122,CLI-062,Crianza y Venta SL,Vinos y Bebidas,Plan Integral de Internacionalizacion,2025-10-09,Plan Integral de Internacionalizacion - Crianza y Venta SL - Factura 1/5,ingreso,12020.0,2524.2,14544.2,True
FAC-1123,,,,,2025-10-10,Alquiler oficina,gasto_fijo,6420.0,1348.2,7768.2,True
FAC-1124,,,,,2025-10-11,Material de oficina,gasto_fijo,430.0,90.3,520.3,True
FAC-1125,,,,,2025-10-12,Seguros,gasto_fijo,1770.0,371.7,2141.7,True
FAC-1126,,,,,2025-10-15,Servicios profesionales,gasto_fijo,2790.0,585.9,3375.9,True
FAC-1127,CLI-064,Textil Moda Internacional,Bienes de Consumo,Campana de Marketing Internacional,2025-10-17,Campana de Marketing Internacional - Textil Moda Internacional - Factura 1/1,ingreso,11800.0,2478.0,14278.0,True
FAC-1128,,,,,2025-10-18,IVA Trimestral,gasto_trimestral,38740.0,0.0,38740.0,True
FAC-1129,,,,,2025-10-19,Alquiler stands ferias,gasto_variable,18150.0,3811.5,21961.5,True
FAC-1130,,,,,2025-10-20,Pago Fraccionado IS,gasto_trimestral,12400.0,0.0,12400.0,True
FAC-1131,CLI-068,Espirituosos Premium SL,Vinos y Bebidas,Plan de Promocion Internacional,2025-10-22,Plan de Promocion Internacional - Espirituosos Premium SL - Factura 1/4,ingreso,3220.0,676.2,3896.2,True
FAC-1132,,,,,2025-10-23,Suministros,gasto_fijo,880.0,184.8,1064.8,True
FAC-1133,CLI-013,Aceites y Olivares SL,Agroalimentario,Consultoria Internacional Recurrente,2025-10-25,Retainer October 2025 - Aceites y Olivares SL,ingreso,11000.0,2310.0,13310.0,True
FAC-1134,CLI-032,Viajes y Negocios Globales,Turismo,Consultoria Internacional Recurrente,2025-10-25,Retainer October 2025 - Viajes y Negocios Globales,ingreso,9350.0,1963.5,11313.5,True
FAC-1135,CLI-029,Destinos Globales SL,Turismo,Consultoria Internacional Recurrente,2025-10-25,Retainer October 2025 - Destinos Globales SL,ingreso,11000.0,2310.0,13310.0,True
FAC-1136,CLI-012,Conservas Artesanas SL,Agroalimentario,Consultoria Internacional Recurrente,2025-10-25,Retainer October 2025 - Conservas Artesanas SL,ingreso,6050.0,1270.5,7320.5,True
FAC-1137,CLI-028,Gourmet Seleccion Espana,Vinos y Bebidas,Consultoria Internacional Recurrente,2025-10-25,Retainer October 2025 - Gourmet Seleccion Espana,ingreso,7920.0,1663.2,9583.2,True
FAC-1138,CLI-021,EnerRenovables Solar SA,Bienes Industriales,Consultoria Internacional Recurrente,2025-10-25,Retainer October 2025 - EnerRenovables Solar SA,ingreso,10780.0,2263.8,13043.8,True
FAC-1139,CLI-003,CloudNet Espana SL,Tecnologia,Consultoria Internacional Recurrente,2025-10-25,Retainer October 2025 - CloudNet Espana SL,ingreso,8580.0,1801.8,10381.8,True
FAC-1140,CLI-014,Embotellados del Norte SL,Agroalimentario,Consultoria Internacional Recurrente,2025-10-25,Retainer October 2025 - Embotellados del Norte SL,ingreso,8250.0,1732.5,9982.5,True
FAC-1141,CLI-002,DataSmart Systems SA,Tecnologia,Consultoria Internacional Recurrente,2025-10-25,Retainer October 2025 - DataSmart Systems SA,ingreso,11220.0,2356.2,13576.2,True
FAC-1142,CLI-036,Cosmeticos Natural SL,Bienes de Consumo,Consultoria Internacional Recurrente,2025-10-25,Retainer October 2025 - Cosmeticos Natural SL,ingreso,5500.0,1155.0,6655.0,True
FAC-1143,CLI-004,Nexus Software Group,Tecnologia,Consultoria Internacional Recurrente,2025-10-25,Retainer October 2025 - Nexus Software Group,ingreso,10450.0,2194.5,12644.5,True
FAC-1144,CLI-038,Calzado Artesano Export SL,Bienes de Consumo,Consultoria Internacional Recurrente,2025-10-25,Retainer October 2025 - Calzado Artesano Export SL,ingreso,6600.0,1386.0,7986.0,True
FAC-1145,,,,,2025-10-25,Software y SaaS,gasto_fijo,5910.0,1241.1,7151.1,True
FAC-1146,CLI-005,CyberSecure Consulting,Tecnologia,Consultoria Internacional Recurrente,2025-10-25,Retainer October 2025 - CyberSecure Consulting,ingreso,12100.0,2541.0,14641.0,True
FAC-1147,CLI-026,Bodegas Solariego SA,Vinos y Bebidas,Consultoria Internacional Recurrente,2025-10-26,Retainer October 2025 - Bodegas Solariego SA,ingreso,10450.0,2194.5,12644.5,True
FAC-1148,CLI-019,Construcciones Metalicas ML,Bienes Industriales,Consultoria Internacional Recurrente,2025-10-26,Retainer October 2025 - Construcciones Metalicas ML,ingreso,7700.0,1617.0,9317.0,True
FAC-1149,CLI-037,Juguetes del Mediterraneo,Bienes de Consumo,Consultoria Internacional Recurrente,2025-10-26,Retainer October 2025 - Juguetes del Mediterraneo,ingreso,8250.0,1732.5,9982.5,True
FAC-1150,CLI-040,Textil Hogar Internacional,Bienes de Consumo,Consultoria Internacional Recurrente,2025-10-26,Retainer October 2025 - Textil Hogar Internacional,ingreso,7700.0,1617.0,9317.0,True
FAC-1151,CLI-022,Soluciones Logisticas ML,Bienes Industriales,Consultoria Internacional Recurrente,2025-10-26,Retainer October 2025 - Soluciones Logisticas ML,ingreso,8250.0,1732.5,9982.5,True
FAC-1152,CLI-034,ModaExport Iberica SL,Bienes de Consumo,Consultoria Internacional Recurrente,2025-10-26,Retainer October 2025 - ModaExport Iberica SL,ingreso,9900.0,2079.0,11979.0,True
FAC-1153,CLI-020,ElecTech Sistemas SL,Bienes Industriales,Consultoria Internacional Recurrente,2025-10-26,Retainer October 2025 - ElecTech Sistemas SL,ingreso,9020.0,1894.2,10914.2,True
FAC-1154,CLI-033,Eventos Corporativos Espana,Turismo,Consultoria Internacional Recurrente,2025-10-26,Retainer October 2025 - Eventos Corporativos Espana,ingreso,7150.0,1501.5,8651.5,True
FAC-1155,CLI-027,Cervezas Artesanas Gredos,Vinos y Bebidas,Consultoria Internacional Recurrente,2025-10-26,Retainer October 2025 - Cervezas Artesanas Gredos,ingreso,5720.0,1201.2,6921.2,True
FAC-1156,CLI-018,AutoParts Iberica SA,Bienes Industriales,Consultoria Internacional Recurrente,2025-10-27,Retainer October 2025 - AutoParts Iberica SA,ingreso,11550.0,2425.5,13975.5,True
FAC-1157,CLI-007,BioTech Health SL,Tecnologia,Consultoria Internacional Recurrente,2025-10-27,Retainer October 2025 - BioTech Health SL,ingreso,8800.0,1848.0,10648.0,True
FAC-1158,CLI-015,InduSteel Components SA,Bienes Industriales,Consultoria Internacional Recurrente,2025-10-27,Retainer October 2025 - InduSteel Components SA,ingreso,13750.0,2887.5,16637.5,True
FAC-1159,CLI-006,AppDigital Labs,Tecnologia,Consultoria Internacional Recurrente,2025-10-27,Retainer October 2025 - AppDigital Labs,ingreso,6600.0,1386.0,7986.0,True
FAC-1160,CLI-016,Mecanica Precision SL,Bienes Industriales,Consultoria Internacional Recurrente,2025-10-27,Retainer October 2025 - Mecanica Precision SL,ingreso,9680.0,2032.8,11712.8,True
FAC-1161,CLI-039,Iluminacion Decorativa SL,Bienes de Consumo,Consultoria Internacional Recurrente,2025-10-27,Retainer October 2025 - Iluminacion Decorativa SL,ingreso,9350.0,1963.5,11313.5,True
FAC-1162,CLI-030,HotelSun International SA,Turismo,Consultoria Internacional Recurrente,2025-10-27,Retainer October 2025 - HotelSun International SA,ingreso,13200.0,2772.0,15972.0,True
FAC-1163,CLI-024,Vinedos del Valle SL,Vinos y Bebidas,Consultoria Internacional Recurrente,2025-10-27,Retainer October 2025 - Vinedos del Valle SL,ingreso,6600.0,1386.0,7986.0,True
FAC-1164,CLI-031,Turismo Rural Experience SL,Turismo,Consultoria Internacional Recurrente,2025-10-27,Retainer October 2025 - Turismo Rural Experience SL,ingreso,7700.0,1617.0,9317.0,True
FAC-1165,CLI-010,Olivares del Mediterraneo,Agroalimentario,Consultoria Internacional Recurrente,2025-10-27,Retainer October 2025 - Olivares del Mediterraneo,ingreso,7150.0,1501.5,8651.5,True
FAC-1166,CLI-023,Bodegas Montealto SA,Vinos y Bebidas,Consultoria Internacional Recurrente,2025-10-27,Retainer October 2025 - Bodegas Montealto SA,ingreso,8800.0,1848.0,10648.0,True
FAC-1167,CLI-054,Conservas del Atlantico SA,Agroalimentario,Plan Integral de Internacionalizacion,2025-11-01,Plan Integral de Internacionalizacion - Conservas del Atlantico SA - Factura 2/6,ingreso,6740.0,1415.4,8155.4,True
FAC-1168,,,,,2025-11-04,Nominas,gasto_fijo,175400.0,0.0,175400.0,True
FAC-1169,,,,,2025-11-11,Asesoria legal local,gasto_variable,1260.0,264.6,1524.6,True
FAC-1170,,,,,2025-11-11,Alquiler oficina,gasto_fijo,6150.0,1291.5,7441.5,True
FAC-1171,CLI-066,Finca Ecologica SL,Agroalimentario,Plan Integral de Internacionalizacion,2025-11-14,Plan Integral de Internacionalizacion - Finca Ecologica SL - Factura 4/4,ingreso,15730.0,3303.3,19033.3,True
FAC-1172,,,,,2025-11-14,Suministros,gasto_fijo,1270.0,266.7,1536.7,True
FAC-1173,CLI-070,Complementos de Moda SL,Bienes de Consumo,Plan Integral de Internacionalizacion,2025-11-15,Plan Integral de Internacionalizacion - Complementos de Moda SL - Factura 2/6,ingreso,5140.0,1079.4,6219.4,True
FAC-1174,,,,,2025-11-18,Material de oficina,gasto_fijo,470.0,98.7,568.7,True
FAC-1175,,,,,2025-11-19,Software y SaaS,gasto_fijo,4530.0,951.3,5481.3,True
FAC-1176,,,,,2025-11-20,Seguros,gasto_fijo,1650.0,346.5,1996.5,True
FAC-1177,,,,,2025-11-24,Servicios profesionales,gasto_fijo,4470.0,938.7,5408.7,True
FAC-1178,CLI-023,Bodegas Montealto SA,Vinos y Bebidas,Consultoria Internacional Recurrente,2025-11-25,Retainer November 2025 - Bodegas Montealto SA,ingreso,8000.0,1680.0,9680.0,True
FAC-1179,CLI-037,Juguetes del Mediterraneo,Bienes de Consumo,Consultoria Internacional Recurrente,2025-11-25,Retainer November 2025 - Juguetes del Mediterraneo,ingreso,7500.0,1575.0,9075.0,True
FAC-1180,CLI-040,Textil Hogar Internacional,Bienes de Consumo,Consultoria Internacional Recurrente,2025-11-25,Retainer November 2025 - Textil Hogar Internacional,ingreso,7000.0,1470.0,8470.0,True
FAC-1181,CLI-012,Conservas Artesanas SL,Agroalimentario,Consultoria Internacional Recurrente,2025-11-25,Retainer November 2025 - Conservas Artesanas SL,ingreso,5500.0,1155.0,6655.0,True
FAC-1182,CLI-005,CyberSecure Consulting,Tecnologia,Consultoria Internacional Recurrente,2025-11-25,Retainer November 2025 - CyberSecure Consulting,ingreso,11000.0,2310.0,13310.0,True
FAC-1183,CLI-038,Calzado Artesano Export SL,Bienes de Consumo,Consultoria Internacional Recurrente,2025-11-25,Retainer November 2025 - Calzado Artesano Export SL,ingreso,6000.0,1260.0,7260.0,True
FAC-1184,CLI-059,RoboTech Solutions SL,Tecnologia,Plan Integral de Internacionalizacion,2025-11-25,Plan Integral de Internacionalizacion - RoboTech Solutions SL - Factura 1/7,ingreso,4740.0,995.4,5735.4,True
FAC-1185,CLI-068,Espirituosos Premium SL,Vinos y Bebidas,Plan de Promocion Internacional,2025-11-25,Plan de Promocion Internacional - Espirituosos Premium SL - Factura 2/4,ingreso,4610.0,968.1,5578.1,True
FAC-1186,CLI-024,Vinedos del Valle SL,Vinos y Bebidas,Consultoria Internacional Recurrente,2025-11-25,Retainer November 2025 - Vinedos del Valle SL,ingreso,6000.0,1260.0,7260.0,True
FAC-1187,CLI-031,Turismo Rural Experience SL,Turismo,Consultoria Internacional Recurrente,2025-11-25,Retainer November 2025 - Turismo Rural Experience SL,ingreso,7000.0,1470.0,8470.0,True
FAC-1188,CLI-016,Mecanica Precision SL,Bienes Industriales,Consultoria Internacional Recurrente,2025-11-25,Retainer November 2025 - Mecanica Precision SL,ingreso,8800.0,1848.0,10648.0,True
FAC-1189,CLI-028,Gourmet Seleccion Espana,Vinos y Bebidas,Consultoria Internacional Recurrente,2025-11-25,Retainer November 2025 - Gourmet Seleccion Espana,ingreso,7200.0,1512.0,8712.0,True
FAC-1190,CLI-015,InduSteel Components SA,Bienes Industriales,Consultoria Internacional Recurrente,2025-11-25,Retainer November 2025 - InduSteel Components SA,ingreso,12500.0,2625.0,15125.0,True
FAC-1191,CLI-018,AutoParts Iberica SA,Bienes Industriales,Consultoria Internacional Recurrente,2025-11-26,Retainer November 2025 - AutoParts Iberica SA,ingreso,10500.0,2205.0,12705.0,True
FAC-1192,CLI-062,Crianza y Venta SL,Vinos y Bebidas,Plan Integral de Internacionalizacion,2025-11-26,Plan Integral de Internacionalizacion - Crianza y Venta SL - Factura 2/5,ingreso,7810.0,1640.1,9450.1,True
FAC-1193,CLI-033,Eventos Corporativos Espana,Turismo,Consultoria Internacional Recurrente,2025-11-26,Retainer November 2025 - Eventos Corporativos Espana,ingreso,6500.0,1365.0,7865.0,True
FAC-1194,CLI-027,Cervezas Artesanas Gredos,Vinos y Bebidas,Consultoria Internacional Recurrente,2025-11-26,Retainer November 2025 - Cervezas Artesanas Gredos,ingreso,5200.0,1092.0,6292.0,True
FAC-1195,CLI-026,Bodegas Solariego SA,Vinos y Bebidas,Consultoria Internacional Recurrente,2025-11-26,Retainer November 2025 - Bodegas Solariego SA,ingreso,9500.0,1995.0,11495.0,True
FAC-1196,CLI-019,Construcciones Metalicas ML,Bienes Industriales,Consultoria Internacional Recurrente,2025-11-26,Retainer November 2025 - Construcciones Metalicas ML,ingreso,7000.0,1470.0,8470.0,True
FAC-1197,CLI-013,Aceites y Olivares SL,Agroalimentario,Consultoria Internacional Recurrente,2025-11-26,Retainer November 2025 - Aceites y Olivares SL,ingreso,10000.0,2100.0,12100.0,True
FAC-1198,CLI-014,Embotellados del Norte SL,Agroalimentario,Consultoria Internacional Recurrente,2025-11-26,Retainer November 2025 - Embotellados del Norte SL,ingreso,7500.0,1575.0,9075.0,True
FAC-1199,CLI-021,EnerRenovables Solar SA,Bienes Industriales,Consultoria Internacional Recurrente,2025-11-27,Retainer November 2025 - EnerRenovables Solar SA,ingreso,9800.0,2058.0,11858.0,True
FAC-1200,CLI-032,Viajes y Negocios Globales,Turismo,Consultoria Internacional Recurrente,2025-11-27,Retainer November 2025 - Viajes y Negocios Globales,ingreso,8500.0,1785.0,10285.0,True
FAC-1201,CLI-002,DataSmart Systems SA,Tecnologia,Consultoria Internacional Recurrente,2025-11-27,Retainer November 2025 - DataSmart Systems SA,ingreso,10200.0,2142.0,12342.0,True
FAC-1202,CLI-003,CloudNet Espana SL,Tecnologia,Consultoria Internacional Recurrente,2025-11-27,Retainer November 2025 - CloudNet Espana SL,ingreso,7800.0,1638.0,9438.0,True
FAC-1203,CLI-020,ElecTech Sistemas SL,Bienes Industriales,Consultoria Internacional Recurrente,2025-11-27,Retainer November 2025 - ElecTech Sistemas SL,ingreso,8200.0,1722.0,9922.0,True
FAC-1204,CLI-010,Olivares del Mediterraneo,Agroalimentario,Consultoria Internacional Recurrente,2025-11-27,Retainer November 2025 - Olivares del Mediterraneo,ingreso,6500.0,1365.0,7865.0,True
FAC-1205,CLI-030,HotelSun International SA,Turismo,Consultoria Internacional Recurrente,2025-11-27,Retainer November 2025 - HotelSun International SA,ingreso,12000.0,2520.0,14520.0,True
FAC-1206,CLI-022,Soluciones Logisticas ML,Bienes Industriales,Consultoria Internacional Recurrente,2025-11-27,Retainer November 2025 - Soluciones Logisticas ML,ingreso,7500.0,1575.0,9075.0,True
FAC-1207,CLI-034,ModaExport Iberica SL,Bienes de Consumo,Consultoria Internacional Recurrente,2025-11-27,Retainer November 2025 - ModaExport Iberica SL,ingreso,9000.0,1890.0,10890.0,True
FAC-1208,CLI-004,Nexus Software Group,Tecnologia,Consultoria Internacional Recurrente,2025-11-27,Retainer November 2025 - Nexus Software Group,ingreso,9500.0,1995.0,11495.0,True
FAC-1209,CLI-006,AppDigital Labs,Tecnologia,Consultoria Internacional Recurrente,2025-11-27,Retainer November 2025 - AppDigital Labs,ingreso,6000.0,1260.0,7260.0,True
FAC-1210,CLI-007,BioTech Health SL,Tecnologia,Consultoria Internacional Recurrente,2025-11-27,Retainer November 2025 - BioTech Health SL,ingreso,8000.0,1680.0,9680.0,True
FAC-1211,CLI-039,Iluminacion Decorativa SL,Bienes de Consumo,Consultoria Internacional Recurrente,2025-11-27,Retainer November 2025 - Iluminacion Decorativa SL,ingreso,8500.0,1785.0,10285.0,True
FAC-1212,CLI-029,Destinos Globales SL,Turismo,Consultoria Internacional Recurrente,2025-11-27,Retainer November 2025 - Destinos Globales SL,ingreso,10000.0,2100.0,12100.0,True
FAC-1213,CLI-036,Cosmeticos Natural SL,Bienes de Consumo,Consultoria Internacional Recurrente,2025-11-27,Retainer November 2025 - Cosmeticos Natural SL,ingreso,5000.0,1050.0,6050.0,True
FAC-1214,,,,,2025-12-04,Nominas,gasto_fijo,187290.0,0.0,187290.0,True
FAC-1215,,,,,2025-12-10,Alquiler oficina,gasto_fijo,6010.0,1262.1,7272.1,True
FAC-1216,CLI-068,Espirituosos Premium SL,Vinos y Bebidas,Plan de Promocion Internacional,2025-12-13,Plan de Promocion Internacional - Espirituosos Premium SL - Factura 3/4,ingreso,4990.0,1047.9,6037.9,True
FAC-1217,,,,,2025-12-13,Seguros,gasto_fijo,1520.0,319.2,1839.2,True
FAC-1218,,,,,2025-12-14,Software y SaaS,gasto_fijo,5540.0,1163.4,6703.4,True
FAC-1219,,,,,2025-12-14,Material de oficina,gasto_fijo,840.0,176.4,1016.4,True
FAC-1220,,,,,2025-12-16,Suministros,gasto_fijo,940.0,197.4,1137.4,True
FAC-1221,,,,,2025-12-16,Servicios profesionales,gasto_fijo,3950.0,829.5,4779.5,True
FAC-1222,,,,,2025-12-21,Pago Fraccionado IS,gasto_trimestral,9950.0,0.0,9950.0,True
FAC-1223,CLI-059,RoboTech Solutions SL,Tecnologia,Plan Integral de Internacionalizacion,2025-12-21,Plan Integral de Internacionalizacion - RoboTech Solutions SL - Factura 2/7,ingreso,5810.0,1220.1,7030.1,True
FAC-1224,CLI-027,Cervezas Artesanas Gredos,Vinos y Bebidas,Consultoria Internacional Recurrente,2025-12-25,Retainer December 2025 - Cervezas Artesanas Gredos,ingreso,3640.0,764.4,4404.4,True
FAC-1225,CLI-003,CloudNet Espana SL,Tecnologia,Consultoria Internacional Recurrente,2025-12-25,Retainer December 2025 - CloudNet Espana SL,ingreso,5460.0,1146.6,6606.6,True
FAC-1226,CLI-005,CyberSecure Consulting,Tecnologia,Consultoria Internacional Recurrente,2025-12-25,Retainer December 2025 - CyberSecure Consulting,ingreso,7700.0,1617.0,9317.0,True
FAC-1227,CLI-029,Destinos Globales SL,Turismo,Consultoria Internacional Recurrente,2025-12-25,Retainer December 2025 - Destinos Globales SL,ingreso,7000.0,1470.0,8470.0,True
FAC-1228,CLI-019,Construcciones Metalicas ML,Bienes Industriales,Consultoria Internacional Recurrente,2025-12-25,Retainer December 2025 - Construcciones Metalicas ML,ingreso,4900.0,1029.0,5929.0,True
FAC-1229,CLI-022,Soluciones Logisticas ML,Bienes Industriales,Consultoria Internacional Recurrente,2025-12-25,Retainer December 2025 - Soluciones Logisticas ML,ingreso,5250.0,1102.5,6352.5,True
FAC-1230,CLI-040,Textil Hogar Internacional,Bienes de Consumo,Consultoria Internacional Recurrente,2025-12-25,Retainer December 2025 - Textil Hogar Internacional,ingreso,4900.0,1029.0,5929.0,True
FAC-1231,CLI-010,Olivares del Mediterraneo,Agroalimentario,Consultoria Internacional Recurrente,2025-12-25,Retainer December 2025 - Olivares del Mediterraneo,ingreso,4550.0,955.5,5505.5,True
FAC-1232,CLI-014,Embotellados del Norte SL,Agroalimentario,Consultoria Internacional Recurrente,2025-12-25,Retainer December 2025 - Embotellados del Norte SL,ingreso,5250.0,1102.5,6352.5,True
FAC-1233,CLI-021,EnerRenovables Solar SA,Bienes Industriales,Consultoria Internacional Recurrente,2025-12-25,Retainer December 2025 - EnerRenovables Solar SA,ingreso,6860.0,1440.6,8300.6,True
FAC-1234,CLI-023,Bodegas Montealto SA,Vinos y Bebidas,Consultoria Internacional Recurrente,2025-12-26,Retainer December 2025 - Bodegas Montealto SA,ingreso,5600.0,1176.0,6776.0,True
FAC-1235,CLI-039,Iluminacion Decorativa SL,Bienes de Consumo,Consultoria Internacional Recurrente,2025-12-26,Retainer December 2025 - Iluminacion Decorativa SL,ingreso,5950.0,1249.5,7199.5,True
FAC-1236,CLI-012,Conservas Artesanas SL,Agroalimentario,Consultoria Internacional Recurrente,2025-12-26,Retainer December 2025 - Conservas Artesanas SL,ingreso,3850.0,808.5,4658.5,True
FAC-1237,CLI-024,Vinedos del Valle SL,Vinos y Bebidas,Consultoria Internacional Recurrente,2025-12-26,Retainer December 2025 - Vinedos del Valle SL,ingreso,4200.0,882.0,5082.0,True
FAC-1238,CLI-036,Cosmeticos Natural SL,Bienes de Consumo,Consultoria Internacional Recurrente,2025-12-26,Retainer December 2025 - Cosmeticos Natural SL,ingreso,3500.0,735.0,4235.0,True
FAC-1239,CLI-013,Aceites y Olivares SL,Agroalimentario,Consultoria Internacional Recurrente,2025-12-26,Retainer December 2025 - Aceites y Olivares SL,ingreso,7000.0,1470.0,8470.0,True
FAC-1240,CLI-028,Gourmet Seleccion Espana,Vinos y Bebidas,Consultoria Internacional Recurrente,2025-12-26,Retainer December 2025 - Gourmet Seleccion Espana,ingreso,5040.0,1058.4,6098.4,True
FAC-1241,CLI-038,Calzado Artesano Export SL,Bienes de Consumo,Consultoria Internacional Recurrente,2025-12-26,Retainer December 2025 - Calzado Artesano Export SL,ingreso,4200.0,882.0,5082.0,True
FAC-1242,CLI-032,Viajes y Negocios Globales,Turismo,Consultoria Internacional Recurrente,2025-12-26,Retainer December 2025 - Viajes y Negocios Globales,ingreso,5950.0,1249.5,7199.5,True
FAC-1243,CLI-007,BioTech Health SL,Tecnologia,Consultoria Internacional Recurrente,2025-12-26,Retainer December 2025 - BioTech Health SL,ingreso,5600.0,1176.0,6776.0,True
FAC-1244,CLI-030,HotelSun International SA,Turismo,Consultoria Internacional Recurrente,2025-12-27,Retainer December 2025 - HotelSun International SA,ingreso,8400.0,1764.0,10164.0,True
FAC-1245,CLI-034,ModaExport Iberica SL,Bienes de Consumo,Consultoria Internacional Recurrente,2025-12-27,Retainer December 2025 - ModaExport Iberica SL,ingreso,6300.0,1323.0,7623.0,True
FAC-1246,CLI-015,InduSteel Components SA,Bienes Industriales,Consultoria Internacional Recurrente,2025-12-27,Retainer December 2025 - InduSteel Components SA,ingreso,8750.0,1837.5,10587.5,True
FAC-1247,CLI-033,Eventos Corporativos Espana,Turismo,Consultoria Internacional Recurrente,2025-12-27,Retainer December 2025 - Eventos Corporativos Espana,ingreso,4550.0,955.5,5505.5,True
FAC-1248,CLI-016,Mecanica Precision SL,Bienes Industriales,Consultoria Internacional Recurrente,2025-12-27,Retainer December 2025 - Mecanica Precision SL,ingreso,6160.0,1293.6,7453.6,True
FAC-1249,CLI-020,ElecTech Sistemas SL,Bienes Industriales,Consultoria Internacional Recurrente,2025-12-27,Retainer December 2025 - ElecTech Sistemas SL,ingreso,5740.0,1205.4,6945.4,True
FAC-1250,CLI-037,Juguetes del Mediterraneo,Bienes de Consumo,Consultoria Internacional Recurrente,2025-12-27,Retainer December 2025 - Juguetes del Mediterraneo,ingreso,5250.0,1102.5,6352.5,True
FAC-1251,CLI-018,AutoParts Iberica SA,Bienes Industriales,Consultoria Internacional Recurrente,2025-12-27,Retainer December 2025 - AutoParts Iberica SA,ingreso,7350.0,1543.5,8893.5,True
FAC-1252,CLI-002,DataSmart Systems SA,Tecnologia,Consultoria Internacional Recurrente,2025-12-27,Retainer December 2025 - DataSmart Systems SA,ingreso,7140.0,1499.4,8639.4,True
FAC-1253,CLI-004,Nexus Software Group,Tecnologia,Consultoria Internacional Recurrente,2025-12-27,Retainer December 2025 - Nexus Software Group,ingreso,6650.0,1396.5,8046.5,True
FAC-1254,CLI-006,AppDigital Labs,Tecnologia,Consultoria Internacional Recurrente,2025-12-27,Retainer December 2025 - AppDigital Labs,ingreso,4200.0,882.0,5082.0,True
FAC-1255,CLI-026,Bodegas Solariego SA,Vinos y Bebidas,Consultoria Internacional Recurrente,2025-12-27,Retainer December 2025 - Bodegas Solariego SA,ingreso,6650.0,1396.5,8046.5,True
FAC-1256,CLI-031,Turismo Rural Experience SL,Turismo,Consultoria Internacional Recurrente,2025-12-27,Retainer December 2025 - Turismo Rural Experience SL,ingreso,4900.0,1029.0,5929.0,True
FAC-1257,CLI-062,Crianza y Venta SL,Vinos y Bebidas,Plan Integral de Internacionalizacion,2026-01-02,Plan Integral de Internacionalizacion - Crianza y Venta SL - Factura 3/5,ingreso,5520.0,1159.2,6679.2,True
FAC-1258,,,,,2026-01-03,Nominas,gasto_fijo,180350.0,0.0,180350.0,True
FAC-1259,,,,,2026-01-11,Software y SaaS,gasto_fijo,4330.0,909.3,5239.3,True
FAC-1260,,,,,2026-01-14,Suministros,gasto_fijo,810.0,170.1,980.1,True
FAC-1261,,,,,2026-01-15,Seguros,gasto_fijo,1360.0,285.6,1645.6,True
FAC-1262,,,,,2026-01-16,Material de oficina,gasto_fijo,710.0,149.1,859.1,True
FAC-1263,CLI-068,Espirituosos Premium SL,Vinos y Bebidas,Plan de Promocion Internacional,2026-01-18,Plan de Promocion Internacional - Espirituosos Premium SL - Factura 4/4,ingreso,14080.0,2956.8,17036.8,True
FAC-1264,,,,,2026-01-19,Servicios profesionales,gasto_fijo,3860.0,810.6,4670.6,True
FAC-1265,,,,,2026-01-22,Alquiler stands ferias,gasto_variable,4570.0,959.7,5529.7,True
FAC-1266,CLI-054,Conservas del Atlantico SA,Agroalimentario,Plan Integral de Internacionalizacion,2026-01-23,Plan Integral de Internacionalizacion - Conservas del Atlantico SA - Factura 3/6,ingreso,6580.0,1381.8,7961.8,True
FAC-1267,,,,,2026-01-23,Alquiler oficina,gasto_fijo,5680.0,1192.8,6872.8,True
FAC-1268,CLI-014,Embotellados del Norte SL,Agroalimentario,Consultoria Internacional Recurrente,2026-01-25,Retainer January 2026 - Embotellados del Norte SL,ingreso,8250.0,1732.5,9982.5,True
FAC-1269,CLI-032,Viajes y Negocios Globales,Turismo,Consultoria Internacional Recurrente,2026-01-25,Retainer January 2026 - Viajes y Negocios Globales,ingreso,9350.0,1963.5,11313.5,True
FAC-1270,CLI-040,Textil Hogar Internacional,Bienes de Consumo,Consultoria Internacional Recurrente,2026-01-25,Retainer January 2026 - Textil Hogar Internacional,ingreso,7700.0,1617.0,9317.0,True
FAC-1271,CLI-015,InduSteel Components SA,Bienes Industriales,Consultoria Internacional Recurrente,2026-01-25,Retainer January 2026 - InduSteel Components SA,ingreso,13750.0,2887.5,16637.5,True
FAC-1272,CLI-070,Complementos de Moda SL,Bienes de Consumo,Plan Integral de Internacionalizacion,2026-01-25,Plan Integral de Internacionalizacion - Complementos de Moda SL - Factura 3/6,ingreso,3940.0,827.4,4767.4,True
FAC-1273,CLI-003,CloudNet Espana SL,Tecnologia,Consultoria Internacional Recurrente,2026-01-25,Retainer January 2026 - CloudNet Espana SL,ingreso,8580.0,1801.8,10381.8,True
FAC-1274,CLI-031,Turismo Rural Experience SL,Turismo,Consultoria Internacional Recurrente,2026-01-25,Retainer January 2026 - Turismo Rural Experience SL,ingreso,7700.0,1617.0,9317.0,True
FAC-1275,CLI-007,BioTech Health SL,Tecnologia,Consultoria Internacional Recurrente,2026-01-25,Retainer January 2026 - BioTech Health SL,ingreso,8800.0,1848.0,10648.0,True
FAC-1276,CLI-038,Calzado Artesano Export SL,Bienes de Consumo,Consultoria Internacional Recurrente,2026-01-25,Retainer January 2026 - Calzado Artesano Export SL,ingreso,6600.0,1386.0,7986.0,True
FAC-1277,CLI-037,Juguetes del Mediterraneo,Bienes de Consumo,Consultoria Internacional Recurrente,2026-01-25,Retainer January 2026 - Juguetes del Mediterraneo,ingreso,8250.0,1732.5,9982.5,True
FAC-1278,CLI-022,Soluciones Logisticas ML,Bienes Industriales,Consultoria Internacional Recurrente,2026-01-25,Retainer January 2026 - Soluciones Logisticas ML,ingreso,8250.0,1732.5,9982.5,True
FAC-1279,CLI-019,Construcciones Metalicas ML,Bienes Industriales,Consultoria Internacional Recurrente,2026-01-25,Retainer January 2026 - Construcciones Metalicas ML,ingreso,7700.0,1617.0,9317.0,True
FAC-1280,CLI-023,Bodegas Montealto SA,Vinos y Bebidas,Consultoria Internacional Recurrente,2026-01-25,Retainer January 2026 - Bodegas Montealto SA,ingreso,8800.0,1848.0,10648.0,True
FAC-1281,CLI-010,Olivares del Mediterraneo,Agroalimentario,Consultoria Internacional Recurrente,2026-01-25,Retainer January 2026 - Olivares del Mediterraneo,ingreso,7150.0,1501.5,8651.5,True
FAC-1282,CLI-016,Mecanica Precision SL,Bienes Industriales,Consultoria Internacional Recurrente,2026-01-26,Retainer January 2026 - Mecanica Precision SL,ingreso,9680.0,2032.8,11712.8,True
FAC-1283,CLI-028,Gourmet Seleccion Espana,Vinos y Bebidas,Consultoria Internacional Recurrente,2026-01-26,Retainer January 2026 - Gourmet Seleccion Espana,ingreso,7920.0,1663.2,9583.2,True
FAC-1284,CLI-020,ElecTech Sistemas SL,Bienes Industriales,Consultoria Internacional Recurrente,2026-01-26,Retainer January 2026 - ElecTech Sistemas SL,ingreso,9020.0,1894.2,10914.2,True
FAC-1285,CLI-029,Destinos Globales SL,Turismo,Consultoria Internacional Recurrente,2026-01-26,Retainer January 2026 - Destinos Globales SL,ingreso,11000.0,2310.0,13310.0,True
FAC-1286,CLI-012,Conservas Artesanas SL,Agroalimentario,Consultoria Internacional Recurrente,2026-01-26,Retainer January 2026 - Conservas Artesanas SL,ingreso,6050.0,1270.5,7320.5,True
FAC-1287,CLI-002,DataSmart Systems SA,Tecnologia,Consultoria Internacional Recurrente,2026-01-26,Retainer January 2026 - DataSmart Systems SA,ingreso,11220.0,2356.2,13576.2,True
FAC-1288,CLI-013,Aceites y Olivares SL,Agroalimentario,Consultoria Internacional Recurrente,2026-01-26,Retainer January 2026 - Aceites y Olivares SL,ingreso,11000.0,2310.0,13310.0,True
FAC-1289,CLI-036,Cosmeticos Natural SL,Bienes de Consumo,Consultoria Internacional Recurrente,2026-01-26,Retainer January 2026 - Cosmeticos Natural SL,ingreso,5500.0,1155.0,6655.0,True
FAC-1290,CLI-039,Iluminacion Decorativa SL,Bienes de Consumo,Consultoria Internacional Recurrente,2026-01-26,Retainer January 2026 - Iluminacion Decorativa SL,ingreso,9350.0,1963.5,11313.5,True
FAC-1291,CLI-034,ModaExport Iberica SL,Bienes de Consumo,Consultoria Internacional Recurrente,2026-01-26,Retainer January 2026 - ModaExport Iberica SL,ingreso,9900.0,2079.0,11979.0,True
FAC-1292,CLI-027,Cervezas Artesanas Gredos,Vinos y Bebidas,Consultoria Internacional Recurrente,2026-01-26,Retainer January 2026 - Cervezas Artesanas Gredos,ingreso,5720.0,1201.2,6921.2,True
FAC-1293,CLI-004,Nexus Software Group,Tecnologia,Consultoria Internacional Recurrente,2026-01-26,Retainer January 2026 - Nexus Software Group,ingreso,10450.0,2194.5,12644.5,True
FAC-1294,CLI-026,Bodegas Solariego SA,Vinos y Bebidas,Consultoria Internacional Recurrente,2026-01-27,Retainer January 2026 - Bodegas Solariego SA,ingreso,10450.0,2194.5,12644.5,True
FAC-1295,CLI-024,Vinedos del Valle SL,Vinos y Bebidas,Consultoria Internacional Recurrente,2026-01-27,Retainer January 2026 - Vinedos del Valle SL,ingreso,6600.0,1386.0,7986.0,True
FAC-1296,CLI-006,AppDigital Labs,Tecnologia,Consultoria Internacional Recurrente,2026-01-27,Retainer January 2026 - AppDigital Labs,ingreso,6600.0,1386.0,7986.0,True
FAC-1297,CLI-021,EnerRenovables Solar SA,Bienes Industriales,Consultoria Internacional Recurrente,2026-01-27,Retainer January 2026 - EnerRenovables Solar SA,ingreso,10780.0,2263.8,13043.8,True
FAC-1298,CLI-033,Eventos Corporativos Espana,Turismo,Consultoria Internacional Recurrente,2026-01-27,Retainer January 2026 - Eventos Corporativos Espana,ingreso,7150.0,1501.5,8651.5,True
FAC-1299,CLI-005,CyberSecure Consulting,Tecnologia,Consultoria Internacional Recurrente,2026-01-27,Retainer January 2026 - CyberSecure Consulting,ingreso,12100.0,2541.0,14641.0,True
FAC-1300,CLI-030,HotelSun International SA,Turismo,Consultoria Internacional Recurrente,2026-01-27,Retainer January 2026 - HotelSun International SA,ingreso,13200.0,2772.0,15972.0,True
FAC-1301,CLI-018,AutoParts Iberica SA,Bienes Industriales,Consultoria Internacional Recurrente,2026-01-27,Retainer January 2026 - AutoParts Iberica SA,ingreso,11550.0,2425.5,13975.5,True
FAC-1302,,,,,2026-02-01,Nominas,gasto_fijo,193990.0,0.0,193990.0,True
FAC-1303,CLI-059,RoboTech Solutions SL,Tecnologia,Plan Integral de Internacionalizacion,2026-02-07,Plan Integral de Internacionalizacion - RoboTech Solutions SL - Factura 3/7,ingreso,13080.0,2746.8,15826.8,True
FAC-1304,CLI-070,Complementos de Moda SL,Bienes de Consumo,Plan Integral de Internacionalizacion,2026-02-10,Plan Integral de Internacionalizacion - Complementos de Moda SL - Factura 4/6,ingreso,7680.0,1612.8,9292.8,True
FAC-1305,,,,,2026-02-13,Software y SaaS,gasto_fijo,6160.0,1293.6,7453.6,True
FAC-1306,,,,,2026-02-13,Alquiler oficina,gasto_fijo,5870.0,1232.7,7102.7,True
FAC-1307,,,,,2026-02-15,Material de oficina,gasto_fijo,600.0,126.0,726.0,True
FAC-1308,,,,,2026-02-17,Servicios profesionales,gasto_fijo,4120.0,865.2,4985.2,True
FAC-1309,CLI-062,Crianza y Venta SL,Vinos y Bebidas,Plan Integral de Internacionalizacion,2026-02-21,Plan Integral de Internacionalizacion - Crianza y Venta SL - Factura 4/5,ingreso,1280.0,268.8,1548.8,True
FAC-1310,CLI-024,Vinedos del Valle SL,Vinos y Bebidas,Consultoria Internacional Recurrente,2026-02-25,Retainer February 2026 - Vinedos del Valle SL,ingreso,5700.0,1197.0,6897.0,True
FAC-1311,CLI-028,Gourmet Seleccion Espana,Vinos y Bebidas,Consultoria Internacional Recurrente,2026-02-25,Retainer February 2026 - Gourmet Seleccion Espana,ingreso,6840.0,1436.4,8276.4,True
FAC-1312,CLI-006,AppDigital Labs,Tecnologia,Consultoria Internacional Recurrente,2026-02-25,Retainer February 2026 - AppDigital Labs,ingreso,5700.0,1197.0,6897.0,True
FAC-1313,CLI-002,DataSmart Systems SA,Tecnologia,Consultoria Internacional Recurrente,2026-02-25,Retainer February 2026 - DataSmart Systems SA,ingreso,9690.0,2034.9,11724.9,True
FAC-1314,CLI-036,Cosmeticos Natural SL,Bienes de Consumo,Consultoria Internacional Recurrente,2026-02-25,Retainer February 2026 - Cosmeticos Natural SL,ingreso,4750.0,997.5,5747.5,True
FAC-1315,CLI-016,Mecanica Precision SL,Bienes Industriales,Consultoria Internacional Recurrente,2026-02-25,Retainer February 2026 - Mecanica Precision SL,ingreso,8360.0,1755.6,10115.6,True
FAC-1316,CLI-032,Viajes y Negocios Globales,Turismo,Consultoria Internacional Recurrente,2026-02-25,Retainer February 2026 - Viajes y Negocios Globales,ingreso,8080.0,1696.8,9776.8,True
FAC-1317,CLI-027,Cervezas Artesanas Gredos,Vinos y Bebidas,Consultoria Internacional Recurrente,2026-02-25,Retainer February 2026 - Cervezas Artesanas Gredos,ingreso,4940.0,1037.4,5977.4,True
FAC-1318,,,,,2026-02-25,Seguros,gasto_fijo,1640.0,344.4,1984.4,True
FAC-1319,CLI-033,Eventos Corporativos Espana,Turismo,Consultoria Internacional Recurrente,2026-02-25,Retainer February 2026 - Eventos Corporativos Espana,ingreso,6180.0,1297.8,7477.8,True
FAC-1320,CLI-040,Textil Hogar Internacional,Bienes de Consumo,Consultoria Internacional Recurrente,2026-02-25,Retainer February 2026 - Textil Hogar Internacional,ingreso,6650.0,1396.5,8046.5,True
FAC-1321,CLI-007,BioTech Health SL,Tecnologia,Consultoria Internacional Recurrente,2026-02-25,Retainer February 2026 - BioTech Health SL,ingreso,7600.0,1596.0,9196.0,True
FAC-1322,CLI-022,Soluciones Logisticas ML,Bienes Industriales,Consultoria Internacional Recurrente,2026-02-25,Retainer February 2026 - Soluciones Logisticas ML,ingreso,7120.0,1495.2,8615.2,True
FAC-1323,CLI-015,InduSteel Components SA,Bienes Industriales,Consultoria Internacional Recurrente,2026-02-25,Retainer February 2026 - InduSteel Components SA,ingreso,11880.0,2494.8,14374.8,True
FAC-1324,CLI-031,Turismo Rural Experience SL,Turismo,Consultoria Internacional Recurrente,2026-02-26,Retainer February 2026 - Turismo Rural Experience SL,ingreso,6650.0,1396.5,8046.5,True
FAC-1325,CLI-018,AutoParts Iberica SA,Bienes Industriales,Consultoria Internacional Recurrente,2026-02-26,Retainer February 2026 - AutoParts Iberica SA,ingreso,9980.0,2095.8,12075.8,True
FAC-1326,CLI-004,Nexus Software Group,Tecnologia,Consultoria Internacional Recurrente,2026-02-26,Retainer February 2026 - Nexus Software Group,ingreso,9020.0,1894.2,10914.2,True
FAC-1327,CLI-037,Juguetes del Mediterraneo,Bienes de Consumo,Consultoria Internacional Recurrente,2026-02-26,Retainer February 2026 - Juguetes del Mediterraneo,ingreso,7120.0,1495.2,8615.2,True
FAC-1328,,,,,2026-02-26,Suministros,gasto_fijo,1130.0,237.3,1367.3,True
FAC-1329,CLI-023,Bodegas Montealto SA,Vinos y Bebidas,Consultoria Internacional Recurrente,2026-02-26,Retainer February 2026 - Bodegas Montealto SA,ingreso,7600.0,1596.0,9196.0,True
FAC-1330,CLI-010,Olivares del Mediterraneo,Agroalimentario,Consultoria Internacional Recurrente,2026-02-26,Retainer February 2026 - Olivares del Mediterraneo,ingreso,6180.0,1297.8,7477.8,True
FAC-1331,CLI-020,ElecTech Sistemas SL,Bienes Industriales,Consultoria Internacional Recurrente,2026-02-26,Retainer February 2026 - ElecTech Sistemas SL,ingreso,7790.0,1635.9,9425.9,True
FAC-1332,CLI-038,Calzado Artesano Export SL,Bienes de Consumo,Consultoria Internacional Recurrente,2026-02-26,Retainer February 2026 - Calzado Artesano Export SL,ingreso,5700.0,1197.0,6897.0,True
FAC-1333,CLI-019,Construcciones Metalicas ML,Bienes Industriales,Consultoria Internacional Recurrente,2026-02-26,Retainer February 2026 - Construcciones Metalicas ML,ingreso,6650.0,1396.5,8046.5,True
FAC-1334,CLI-014,Embotellados del Norte SL,Agroalimentario,Consultoria Internacional Recurrente,2026-02-26,Retainer February 2026 - Embotellados del Norte SL,ingreso,7120.0,1495.2,8615.2,True
FAC-1335,CLI-005,CyberSecure Consulting,Tecnologia,Consultoria Internacional Recurrente,2026-02-27,Retainer February 2026 - CyberSecure Consulting,ingreso,10450.0,2194.5,12644.5,True
FAC-1336,CLI-021,EnerRenovables Solar SA,Bienes Industriales,Consultoria Internacional Recurrente,2026-02-27,Retainer February 2026 - EnerRenovables Solar SA,ingreso,9310.0,1955.1,11265.1,True
FAC-1337,CLI-029,Destinos Globales SL,Turismo,Consultoria Internacional Recurrente,2026-02-27,Retainer February 2026 - Destinos Globales SL,ingreso,9500.0,1995.0,11495.0,True
FAC-1338,CLI-026,Bodegas Solariego SA,Vinos y Bebidas,Consultoria Internacional Recurrente,2026-02-27,Retainer February 2026 - Bodegas Solariego SA,ingreso,9020.0,1894.2,10914.2,True
FAC-1339,CLI-034,ModaExport Iberica SL,Bienes de Consumo,Consultoria Internacional Recurrente,2026-02-27,Retainer February 2026 - ModaExport Iberica SL,ingreso,8550.0,1795.5,10345.5,True
FAC-1340,CLI-003,CloudNet Espana SL,Tecnologia,Consultoria Internacional Recurrente,2026-02-27,Retainer February 2026 - CloudNet Espana SL,ingreso,7410.0,1556.1,8966.1,True
FAC-1341,CLI-013,Aceites y Olivares SL,Agroalimentario,Consultoria Internacional Recurrente,2026-02-27,Retainer February 2026 - Aceites y Olivares SL,ingreso,9500.0,1995.0,11495.0,True
FAC-1342,CLI-039,Iluminacion Decorativa SL,Bienes de Consumo,Consultoria Internacional Recurrente,2026-02-27,Retainer February 2026 - Iluminacion Decorativa SL,ingreso,8080.0,1696.8,9776.8,True
FAC-1343,CLI-012,Conservas Artesanas SL,Agroalimentario,Consultoria Internacional Recurrente,2026-02-27,Retainer February 2026 - Conservas Artesanas SL,ingreso,5220.0,1096.2,6316.2,True
FAC-1344,CLI-030,HotelSun International SA,Turismo,Consultoria Internacional Recurrente,2026-02-27,Retainer February 2026 - HotelSun International SA,ingreso,11400.0,2394.0,13794.0,True
FAC-1345,,,,,2026-03-01,Nominas,gasto_fijo,193880.0,0.0,193880.0,True
FAC-1346,CLI-059,RoboTech Solutions SL,Tecnologia,Plan Integral de Internacionalizacion,2026-03-10,Plan Integral de Internacionalizacion - RoboTech Solutions SL - Factura 4/7,ingreso,8070.0,1694.7,9764.7,False
FAC-1347,,,,,2026-03-17,Servicios profesionales,gasto_fijo,3420.0,718.2,4138.2,True
FAC-1348,,,,,2026-03-18,Suministros,gasto_fijo,1210.0,254.1,1464.1,True
FAC-1349,,,,,2026-03-19,Seguros,gasto_fijo,1760.0,369.6,2129.6,True
FAC-1350,,,,,2026-03-20,Material de oficina,gasto_fijo,650.0,136.5,786.5,True
FAC-1351,,,,,2026-03-21,Marketing y publicidad,gasto_variable,6440.0,1352.4,7792.4,True
FAC-1352,CLI-054,Conservas del Atlantico SA,Agroalimentario,Plan Integral de Internacionalizacion,2026-03-21,Plan Integral de Internacionalizacion - Conservas del Atlantico SA - Factura 4/6,ingreso,10490.0,2202.9,12692.9,False
FAC-1353,CLI-014,Embotellados del Norte SL,Agroalimentario,Consultoria Internacional Recurrente,2026-03-25,Retainer March 2026 - Embotellados del Norte SL,ingreso,8250.0,1732.5,9982.5,False
FAC-1354,CLI-022,Soluciones Logisticas ML,Bienes Industriales,Consultoria Internacional Recurrente,2026-03-25,Retainer March 2026 - Soluciones Logisticas ML,ingreso,8250.0,1732.5,9982.5,False
FAC-1355,CLI-010,Olivares del Mediterraneo,Agroalimentario,Consultoria Internacional Recurrente,2026-03-25,Retainer March 2026 - Olivares del Mediterraneo,ingreso,7150.0,1501.5,8651.5,False
FAC-1356,,,,,2026-03-25,Software y SaaS,gasto_fijo,4640.0,974.4,5614.4,True
FAC-1357,CLI-013,Aceites y Olivares SL,Agroalimentario,Consultoria Internacional Recurrente,2026-03-25,Retainer March 2026 - Aceites y Olivares SL,ingreso,11000.0,2310.0,13310.0,False
FAC-1358,CLI-034,ModaExport Iberica SL,Bienes de Consumo,Consultoria Internacional Recurrente,2026-03-25,Retainer March 2026 - ModaExport Iberica SL,ingreso,9900.0,2079.0,11979.0,False
FAC-1359,CLI-004,Nexus Software Group,Tecnologia,Consultoria Internacional Recurrente,2026-03-25,Retainer March 2026 - Nexus Software Group,ingreso,10450.0,2194.5,12644.5,False
FAC-1360,CLI-021,EnerRenovables Solar SA,Bienes Industriales,Consultoria Internacional Recurrente,2026-03-25,Retainer March 2026 - EnerRenovables Solar SA,ingreso,10780.0,2263.8,13043.8,False
FAC-1361,CLI-027,Cervezas Artesanas Gredos,Vinos y Bebidas,Consultoria Internacional Recurrente,2026-03-26,Retainer March 2026 - Cervezas Artesanas Gredos,ingreso,5720.0,1201.2,6921.2,False
FAC-1362,CLI-016,Mecanica Precision SL,Bienes Industriales,Consultoria Internacional Recurrente,2026-03-26,Retainer March 2026 - Mecanica Precision SL,ingreso,9680.0,2032.8,11712.8,False
FAC-1363,CLI-026,Bodegas Solariego SA,Vinos y Bebidas,Consultoria Internacional Recurrente,2026-03-26,Retainer March 2026 - Bodegas Solariego SA,ingreso,10450.0,2194.5,12644.5,False
FAC-1364,CLI-015,InduSteel Components SA,Bienes Industriales,Consultoria Internacional Recurrente,2026-03-26,Retainer March 2026 - InduSteel Components SA,ingreso,13750.0,2887.5,16637.5,False
FAC-1365,CLI-007,BioTech Health SL,Tecnologia,Consultoria Internacional Recurrente,2026-03-26,Retainer March 2026 - BioTech Health SL,ingreso,8800.0,1848.0,10648.0,False
FAC-1366,CLI-002,DataSmart Systems SA,Tecnologia,Consultoria Internacional Recurrente,2026-03-26,Retainer March 2026 - DataSmart Systems SA,ingreso,11220.0,2356.2,13576.2,False
FAC-1367,CLI-005,CyberSecure Consulting,Tecnologia,Consultoria Internacional Recurrente,2026-03-26,Retainer March 2026 - CyberSecure Consulting,ingreso,12100.0,2541.0,14641.0,False
FAC-1368,CLI-028,Gourmet Seleccion Espana,Vinos y Bebidas,Consultoria Internacional Recurrente,2026-03-26,Retainer March 2026 - Gourmet Seleccion Espana,ingreso,7920.0,1663.2,9583.2,False
FAC-1369,CLI-029,Destinos Globales SL,Turismo,Consultoria Internacional Recurrente,2026-03-26,Retainer March 2026 - Destinos Globales SL,ingreso,11000.0,2310.0,13310.0,False
FAC-1370,CLI-036,Cosmeticos Natural SL,Bienes de Consumo,Consultoria Internacional Recurrente,2026-03-26,Retainer March 2026 - Cosmeticos Natural SL,ingreso,5500.0,1155.0,6655.0,False
FAC-1371,,,,,2026-03-26,Alquiler oficina,gasto_fijo,6160.0,1293.6,7453.6,True
FAC-1372,CLI-032,Viajes y Negocios Globales,Turismo,Consultoria Internacional Recurrente,2026-03-26,Retainer March 2026 - Viajes y Negocios Globales,ingreso,9350.0,1963.5,11313.5,False
FAC-1373,CLI-018,AutoParts Iberica SA,Bienes Industriales,Consultoria Internacional Recurrente,2026-03-27,Retainer March 2026 - AutoParts Iberica SA,ingreso,11550.0,2425.5,13975.5,False
FAC-1374,CLI-003,CloudNet Espana SL,Tecnologia,Consultoria Internacional Recurrente,2026-03-27,Retainer March 2026 - CloudNet Espana SL,ingreso,8580.0,1801.8,10381.8,False
FAC-1375,CLI-039,Iluminacion Decorativa SL,Bienes de Consumo,Consultoria Internacional Recurrente,2026-03-27,Retainer March 2026 - Iluminacion Decorativa SL,ingreso,9350.0,1963.5,11313.5,False
FAC-1376,CLI-023,Bodegas Montealto SA,Vinos y Bebidas,Consultoria Internacional Recurrente,2026-03-27,Retainer March 2026 - Bodegas Montealto SA,ingreso,8800.0,1848.0,10648.0,False
FAC-1377,CLI-019,Construcciones Metalicas ML,Bienes Industriales,Consultoria Internacional Recurrente,2026-03-27,Retainer March 2026 - Construcciones Metalicas ML,ingreso,7700.0,1617.0,9317.0,False
FAC-1378,CLI-033,Eventos Corporativos Espana,Turismo,Consultoria Internacional Recurrente,2026-03-27,Retainer March 2026 - Eventos Corporativos Espana,ingreso,7150.0,1501.5,8651.5,False
FAC-1379,CLI-037,Juguetes del Mediterraneo,Bienes de Consumo,Consultoria Internacional Recurrente,2026-03-27,Retainer March 2026 - Juguetes del Mediterraneo,ingreso,8250.0,1732.5,9982.5,False
FAC-1380,CLI-006,AppDigital Labs,Tecnologia,Consultoria Internacional Recurrente,2026-03-27,Retainer March 2026 - AppDigital Labs,ingreso,6600.0,1386.0,7986.0,False
FAC-1381,CLI-012,Conservas Artesanas SL,Agroalimentario,Consultoria Internacional Recurrente,2026-03-27,Retainer March 2026 - Conservas Artesanas SL,ingreso,6050.0,1270.5,7320.5,False
FAC-1382,CLI-040,Textil Hogar Internacional,Bienes de Consumo,Consultoria Internacional Recurrente,2026-03-27,Retainer March 2026 - Textil Hogar Internacional,ingreso,7700.0,1617.0,9317.0,False
FAC-1383,CLI-020,ElecTech Sistemas SL,Bienes Industriales,Consultoria Internacional Recurrente,2026-03-27,Retainer March 2026 - ElecTech Sistemas SL,ingreso,9020.0,1894.2,10914.2,False
FAC-1384,CLI-024,Vinedos del Valle SL,Vinos y Bebidas,Consultoria Internacional Recurrente,2026-03-27,Retainer March 2026 - Vinedos del Valle SL,ingreso,6600.0,1386.0,7986.0,False
FAC-1385,CLI-031,Turismo Rural Experience SL,Turismo,Consultoria Internacional Recurrente,2026-03-27,Retainer March 2026 - Turismo Rural Experience SL,ingreso,7700.0,1617.0,9317.0,False
FAC-1386,CLI-038,Calzado Artesano Export SL,Bienes de Consumo,Consultoria Internacional Recurrente,2026-03-27,Retainer March 2026 - Calzado Artesano Export SL,ingreso,6600.0,1386.0,7986.0,False
FAC-1387,CLI-030,HotelSun International SA,Turismo,Consultoria Internacional Recurrente,2026-03-27,Retainer March 2026 - HotelSun International SA,ingreso,13200.0,2772.0,15972.0,False
FAC-1388,,,,,2026-04-04,Nominas,gasto_fijo,181270.0,0.0,181270.0,True
FAC-1389,CLI-062,Crianza y Venta SL,Vinos y Bebidas,Plan Integral de Internacionalizacion,2026-04-09,Plan Integral de Internacionalizacion - Crianza y Venta SL - Factura 5/5,ingreso,7470.0,1568.7,9038.7,False
FAC-1390,,,,,2026-04-12,Material de oficina,gasto_fijo,410.0,86.1,496.1,True
FAC-1391,,,,,2026-04-12,Viajes y dietas,gasto_variable,12750.0,2677.5,15427.5,True
FAC-1392,CLI-059,RoboTech Solutions SL,Tecnologia,Plan Integral de Internacionalizacion,2026-04-13,Plan Integral de Internacionalizacion - RoboTech Solutions SL - Factura 5/7,ingreso,3960.0,831.6,4791.6,False
FAC-1393,,,,,2026-04-14,Software y SaaS,gasto_fijo,4120.0,865.2,4985.2,True
FAC-1394,,,,,2026-04-17,Seguros,gasto_fijo,1250.0,262.5,1512.5,True
FAC-1395,,,,,2026-04-17,Pago Fraccionado IS,gasto_trimestral,15840.0,0.0,15840.0,False
FAC-1396,,,,,2026-04-20,Servicios profesionales,gasto_fijo,3820.0,802.2,4622.2,True
FAC-1397,,,,,2026-04-21,Suministros,gasto_fijo,1110.0,233.1,1343.1,True
FAC-1398,,,,,2026-04-21,IVA Trimestral,gasto_trimestral,44370.0,0.0,44370.0,False
FAC-1399,,,,,2026-04-22,Alquiler oficina,gasto_fijo,5650.0,1186.5,6836.5,True
FAC-1400,,,,,2026-04-24,Asesoria legal local,gasto_variable,4170.0,875.7,5045.7,False
FAC-1401,CLI-007,BioTech Health SL,Tecnologia,Consultoria Internacional Recurrente,2026-04-25,Retainer April 2026 - BioTech Health SL,ingreso,8800.0,1848.0,10648.0,False
FAC-1402,CLI-023,Bodegas Montealto SA,Vinos y Bebidas,Consultoria Internacional Recurrente,2026-04-25,Retainer April 2026 - Bodegas Montealto SA,ingreso,8800.0,1848.0,10648.0,False
FAC-1403,CLI-024,Vinedos del Valle SL,Vinos y Bebidas,Consultoria Internacional Recurrente,2026-04-25,Retainer April 2026 - Vinedos del Valle SL,ingreso,6600.0,1386.0,7986.0,False
FAC-1404,CLI-031,Turismo Rural Experience SL,Turismo,Consultoria Internacional Recurrente,2026-04-25,Retainer April 2026 - Turismo Rural Experience SL,ingreso,7700.0,1617.0,9317.0,False
FAC-1405,CLI-018,AutoParts Iberica SA,Bienes Industriales,Consultoria Internacional Recurrente,2026-04-25,Retainer April 2026 - AutoParts Iberica SA,ingreso,11550.0,2425.5,13975.5,False
FAC-1406,CLI-028,Gourmet Seleccion Espana,Vinos y Bebidas,Consultoria Internacional Recurrente,2026-04-25,Retainer April 2026 - Gourmet Seleccion Espana,ingreso,7920.0,1663.2,9583.2,False
FAC-1407,CLI-036,Cosmeticos Natural SL,Bienes de Consumo,Consultoria Internacional Recurrente,2026-04-25,Retainer April 2026 - Cosmeticos Natural SL,ingreso,5500.0,1155.0,6655.0,False
FAC-1408,CLI-034,ModaExport Iberica SL,Bienes de Consumo,Consultoria Internacional Recurrente,2026-04-25,Retainer April 2026 - ModaExport Iberica SL,ingreso,9900.0,2079.0,11979.0,False
FAC-1409,CLI-022,Soluciones Logisticas ML,Bienes Industriales,Consultoria Internacional Recurrente,2026-04-25,Retainer April 2026 - Soluciones Logisticas ML,ingreso,8250.0,1732.5,9982.5,False
FAC-1410,CLI-070,Complementos de Moda SL,Bienes de Consumo,Plan Integral de Internacionalizacion,2026-04-25,Plan Integral de Internacionalizacion - Complementos de Moda SL - Factura 5/6,ingreso,6530.0,1371.3,7901.3,False
FAC-1411,CLI-016,Mecanica Precision SL,Bienes Industriales,Consultoria Internacional Recurrente,2026-04-25,Retainer April 2026 - Mecanica Precision SL,ingreso,9680.0,2032.8,11712.8,False
FAC-1412,CLI-032,Viajes y Negocios Globales,Turismo,Consultoria Internacional Recurrente,2026-04-26,Retainer April 2026 - Viajes y Negocios Globales,ingreso,9350.0,1963.5,11313.5,False
FAC-1413,CLI-019,Construcciones Metalicas ML,Bienes Industriales,Consultoria Internacional Recurrente,2026-04-26,Retainer April 2026 - Construcciones Metalicas ML,ingreso,7700.0,1617.0,9317.0,False
FAC-1414,CLI-010,Olivares del Mediterraneo,Agroalimentario,Consultoria Internacional Recurrente,2026-04-26,Retainer April 2026 - Olivares del Mediterraneo,ingreso,7150.0,1501.5,8651.5,False
FAC-1415,CLI-002,DataSmart Systems SA,Tecnologia,Consultoria Internacional Recurrente,2026-04-26,Retainer April 2026 - DataSmart Systems SA,ingreso,11220.0,2356.2,13576.2,False
FAC-1416,CLI-026,Bodegas Solariego SA,Vinos y Bebidas,Consultoria Internacional Recurrente,2026-04-26,Retainer April 2026 - Bodegas Solariego SA,ingreso,10450.0,2194.5,12644.5,False
FAC-1417,CLI-021,EnerRenovables Solar SA,Bienes Industriales,Consultoria Internacional Recurrente,2026-04-26,Retainer April 2026 - EnerRenovables Solar SA,ingreso,10780.0,2263.8,13043.8,False
FAC-1418,CLI-030,HotelSun International SA,Turismo,Consultoria Internacional Recurrente,2026-04-26,Retainer April 2026 - HotelSun International SA,ingreso,13200.0,2772.0,15972.0,False
FAC-1419,CLI-038,Calzado Artesano Export SL,Bienes de Consumo,Consultoria Internacional Recurrente,2026-04-26,Retainer April 2026 - Calzado Artesano Export SL,ingreso,6600.0,1386.0,7986.0,False
FAC-1420,CLI-006,AppDigital Labs,Tecnologia,Consultoria Internacional Recurrente,2026-04-26,Retainer April 2026 - AppDigital Labs,ingreso,6600.0,1386.0,7986.0,False
FAC-1421,CLI-039,Iluminacion Decorativa SL,Bienes de Consumo,Consultoria Internacional Recurrente,2026-04-27,Retainer April 2026 - Iluminacion Decorativa SL,ingreso,9350.0,1963.5,11313.5,False
FAC-1422,CLI-003,CloudNet Espana SL,Tecnologia,Consultoria Internacional Recurrente,2026-04-27,Retainer April 2026 - CloudNet Espana SL,ingreso,8580.0,1801.8,10381.8,False
FAC-1423,CLI-020,ElecTech Sistemas SL,Bienes Industriales,Consultoria Internacional Recurrente,2026-04-27,Retainer April 2026 - ElecTech Sistemas SL,ingreso,9020.0,1894.2,10914.2,False
FAC-1424,CLI-015,InduSteel Components SA,Bienes Industriales,Consultoria Internacional Recurrente,2026-04-27,Retainer April 2026 - InduSteel Components SA,ingreso,13750.0,2887.5,16637.5,False
FAC-1425,CLI-037,Juguetes del Mediterraneo,Bienes de Consumo,Consultoria Internacional Recurrente,2026-04-27,Retainer April 2026 - Juguetes del Mediterraneo,ingreso,8250.0,1732.5,9982.5,False
FAC-1426,CLI-012,Conservas Artesanas SL,Agroalimentario,Consultoria Internacional Recurrente,2026-04-27,Retainer April 2026 - Conservas Artesanas SL,ingreso,6050.0,1270.5,7320.5,False
FAC-1427,CLI-005,CyberSecure Consulting,Tecnologia,Consultoria Internacional Recurrente,2026-04-27,Retainer April 2026 - CyberSecure Consulting,ingreso,12100.0,2541.0,14641.0,False
FAC-1428,CLI-040,Textil Hogar Internacional,Bienes de Consumo,Consultoria Internacional Recurrente,2026-04-27,Retainer April 2026 - Textil Hogar Internacional,ingreso,7700.0,1617.0,9317.0,False
FAC-1429,CLI-013,Aceites y Olivares SL,Agroalimentario,Consultoria Internacional Recurrente,2026-04-27,Retainer April 2026 - Aceites y Olivares SL,ingreso,11000.0,2310.0,13310.0,False
FAC-1430,CLI-027,Cervezas Artesanas Gredos,Vinos y Bebidas,Consultoria Internacional Recurrente,2026-04-27,Retainer April 2026 - Cervezas Artesanas Gredos,ingreso,5720.0,1201.2,6921.2,False
FAC-1431,CLI-029,Destinos Globales SL,Turismo,Consultoria Internacional Recurrente,2026-04-27,Retainer April 2026 - Destinos Globales SL,ingreso,11000.0,2310.0,13310.0,False
FAC-1432,CLI-014,Embotellados del Norte SL,Agroalimentario,Consultoria Internacional Recurrente,2026-04-27,Retainer April 2026 - Embotellados del Norte SL,ingreso,8250.0,1732.5,9982.5,False
FAC-1433,CLI-033,Eventos Corporativos Espana,Turismo,Consultoria Internacional Recurrente,2026-04-27,Retainer April 2026 - Eventos Corporativos Espana,ingreso,7150.0,1501.5,8651.5,False
FAC-1434,CLI-004,Nexus Software Group,Tecnologia,Consultoria Internacional Recurrente,2026-04-27,Retainer April 2026 - Nexus Software Group,ingreso,10450.0,2194.5,12644.5,False
